DayIndex,bounce,duracao,sessao,pags_sess,conv,valor,month,day,year
1/26/2018,100.00%,0,1,1,0,0,1,26,2018
1/27/2018,100.00%,0,1,1,0,0,1,27,2018
1/28/2018,100.00%,0,1,1,0,0,1,28,2018
1/29/2018,100.00%,0,1,1,0,0,1,29,2018
1/30/2018,100.00%,0,1,1,0,0,1,30,2018
1/31/2018,100.00%,0,1,1,0,0,1,31,2018
2/1/2018,100.00%,0,1,1,0,0,2,1,2018
2/2/2018,100.00%,0,1,1,0,0,2,2,2018
2/3/2018,100.00%,0,1,1,0,0,2,3,2018
2/4/2018,100.00%,0,1,1,0,0,2,4,2018
2/5/2018,100.00%,0,1,1,0,0,2,5,2018
2/6/2018,100.00%,0,1,1,0,0,2,6,2018
2/7/2018,100.00%,0,1,1,0,0,2,7,2018
2/8/2018,100.00%,0,1,1,0,0,2,8,2018
2/9/2018,100.00%,0,1,1,0,0,2,9,2018
2/10/2018,100.00%,0,1,1,0,0,2,10,2018
2/11/2018,100.00%,0,1,1,0,0,2,11,2018
2/12/2018,100.00%,0,1,1,0,0,2,12,2018
2/13/2018,100.00%,0,1,1,0,0,2,13,2018
2/14/2018,100.00%,0,1,1,0,0,2,14,2018
2/15/2018,100.00%,0,1,1,0,0,2,15,2018
2/16/2018,100.00%,0,1,1,0,0,2,16,2018
2/17/2018,100.00%,0,1,1,0,0,2,17,2018
2/18/2018,100.00%,0,1,1,0,0,2,18,2018
2/19/2018,100.00%,0,1,1,0,0,2,19,2018
2/20/2018,100.00%,0,1,1,0,0,2,20,2018
2/21/2018,100.00%,0,1,1,0,0,2,21,2018
2/22/2018,100.00%,0,1,1,0,0,2,22,2018
2/23/2018,100.00%,0,2,1,0,0,2,23,2018
2/24/2018,100.00%,0,1,1,1,50,2,24,2018
2/25/2018,100.00%,0,1,1,0,0,2,25,2018
2/26/2018,100.00%,0,1,1,0,0,2,26,2018
2/27/2018,100.00%,0,1,1,0,0,2,27,2018
2/28/2018,100.00%,0,1,1,0,0,2,28,2018
3/1/2018,100.00%,0,1,1,0,0,3,1,2018
3/2/2018,100.00%,0,1,1,0,0,3,2,2018
3/3/2018,100.00%,0,1,1,0,0,3,3,2018
3/4/2018,100.00%,0,1,1,0,0,3,4,2018
3/5/2018,100.00%,0,1,1,0,0,3,5,2018
3/6/2018,100.00%,0,1,1,0,0,3,6,2018
3/7/2018,100.00%,0,1,1,0,0,3,7,2018
3/8/2018,100.00%,0,1,1,0,0,3,8,2018
3/9/2018,100.00%,0,1,1,0,0,3,9,2018
3/10/2018,100.00%,0,1,1,0,0,3,10,2018
3/11/2018,100.00%,0,1,1,0,0,3,11,2018
3/12/2018,100.00%,0,1,1,0,0,3,12,2018
3/13/2018,100.00%,0,1,1,0,0,3,13,2018
3/14/2018,100.00%,0,2,1,0,0,3,14,2018
3/15/2018,100.00%,0,1,1,0,0,3,15,2018
3/16/2018,100.00%,0,1,1,0,0,3,16,2018
3/17/2018,100.00%,0,1,1,0,0,3,17,2018
3/18/2018,100.00%,0,1,1,0,0,3,18,2018
3/19/2018,100.00%,0,1,1,0,0,3,19,2018
3/20/2018,100.00%,0,1,1,0,0,3,20,2018
3/21/2018,100.00%,0,1,1,1,50,3,21,2018
3/22/2018,100.00%,0,1,1,1,50,3,22,2018
3/23/2018,100.00%,0,1,1,1,50,3,23,2018
3/24/2018,100.00%,0,1,1,1,50,3,24,2018
3/25/2018,100.00%,0,1,1,1,50,3,25,2018
3/26/2018,100.00%,0,1,1,1,50,3,26,2018
3/27/2018,100.00%,0,1,1,0,0,3,27,2018
3/28/2018,100.00%,0,1,1,1,50,3,28,2018
3/29/2018,100.00%,0,1,1,0,0,3,29,2018
3/30/2018,100.00%,0,1,1,1,50,3,30,2018
3/31/2018,100.00%,0,1,1,0,0,3,31,2018
4/1/2018,100.00%,0,1,1,0,0,4,1,2018
4/2/2018,100.00%,0,1,1,0,0,4,2,2018
4/3/2018,100.00%,0,1,1,0,0,4,3,2018
4/4/2018,100.00%,0,2,1,0,0,4,4,2018
4/5/2018,100.00%,0,1,1,0,0,4,5,2018
4/6/2018,100.00%,0,1,1,0,0,4,6,2018
4/7/2018,100.00%,0,1,1,0,0,4,7,2018
4/8/2018,100.00%,0,1,1,0,0,4,8,2018
4/9/2018,100.00%,0,1,1,0,0,4,9,2018
4/10/2018,100.00%,0,1,1,0,0,4,10,2018
4/11/2018,100.00%,0,1,1,0,0,4,11,2018
4/12/2018,100.00%,0,1,1,0,0,4,12,2018
4/13/2018,100.00%,0,1,1,0,0,4,13,2018
4/14/2018,100.00%,0,2,1,0,0,4,14,2018
4/15/2018,100.00%,0,1,1,0,0,4,15,2018
4/16/2018,100.00%,0,1,1,0,0,4,16,2018
4/17/2018,100.00%,0,1,1,0,0,4,17,2018
4/18/2018,100.00%,0,1,1,1,50,4,18,2018
4/19/2018,100.00%,0,1,1,1,50,4,19,2018
4/20/2018,100.00%,0,1,1,0,0,4,20,2018
4/21/2018,100.00%,0,1,1,1,50,4,21,2018
4/22/2018,100.00%,0,1,1,0,0,4,22,2018
4/23/2018,100.00%,0,1,1,1,50,4,23,2018
4/24/2018,100.00%,0,1,1,1,50,4,24,2018
4/25/2018,100.00%,0,1,1,0,0,4,25,2018
4/26/2018,100.00%,0,1,1,1,100,4,26,2018
4/27/2018,100.00%,0,1,1,1,100,4,27,2018
4/28/2018,100.00%,0,1,1,1,100,4,28,2018
4/29/2018,100.00%,0,1,1,1,50,4,29,2018
4/30/2018,0.00%,11,1,2,0,0,4,30,2018
5/1/2018,0.00%,32,1,1,0,0,5,1,2018
5/2/2018,0.00%,19,1,1,0,0,5,2,2018
5/3/2018,0.00%,1831,1,1,0,0,5,3,2018
5/4/2018,0.00%,1410,1,1,1,50,5,4,2018
5/5/2018,0.00%,0,0,0,1,50,5,5,2018
5/6/2018,0.00%,35,1,2,1,50,5,6,2018
5/7/2018,0.00%,1530,1,1,0,0,5,7,2018
5/8/2018,0.00%,1256,1,1,0,0,5,8,2018
5/9/2018,0.00%,1236,1,1,0,0,5,9,2018
5/10/2018,0.00%,0,1,2,0,0,5,10,2018
5/11/2018,0.00%,236,1,4,0,0,5,11,2018
5/12/2018,0.00%,0,0,0,1,50,5,12,2018
5/13/2018,0.00%,1060,1,1,0,0,5,13,2018
5/14/2018,0.00%,38,1,2,0,0,5,14,2018
5/15/2018,0.00%,1103,1,1,0,0,5,15,2018
5/16/2018,0.00%,413,1,1,0,0,5,16,2018
5/17/2018,0.00%,36,1,1,0,0,5,17,2018
5/18/2018,0.00%,26,1,2,0,0,5,18,2018
5/19/2018,0.00%,153,1,1,0,0,5,19,2018
5/20/2018,0.00%,95,1,2,0,0,5,20,2018
5/21/2018,0.00%,267,1,1,0,0,5,21,2018
5/22/2018,0.00%,64,1,1,0,0,5,22,2018
5/23/2018,0.00%,397,1,1,1,100,5,23,2018
5/24/2018,0.00%,16,1,4,1,100,5,24,2018
5/25/2018,0.00%,384,1,1,0,0,5,25,2018
5/26/2018,0.00%,0,0,0,1,100,5,26,2018
5/27/2018,100.00%,0,1,1,0,0,5,27,2018
5/28/2018,100.00%,0,1,1,0,0,5,28,2018
5/29/2018,100.00%,0,1,1,0,0,5,29,2018
5/30/2018,100.00%,0,1,1,0,0,5,30,2018
5/31/2018,100.00%,0,1,1,0,0,5,31,2018
6/1/2018,100.00%,0,1,1,0,0,6,1,2018
6/2/2018,100.00%,0,1,1,0,0,6,2,2018
6/3/2018,100.00%,0,1,1,0,0,6,3,2018
6/4/2018,100.00%,0,1,1,0,0,6,4,2018
6/5/2018,100.00%,0,1,1,0,0,6,5,2018
6/6/2018,100.00%,0,1,1,0,0,6,6,2018
6/7/2018,100.00%,0,1,1,0,0,6,7,2018
6/8/2018,100.00%,0,1,1,0,0,6,8,2018
6/9/2018,100.00%,0,1,1,0,0,6,9,2018
6/10/2018,100.00%,0,1,1,0,0,6,10,2018
6/11/2018,100.00%,0,1,1,0,0,6,11,2018
6/12/2018,100.00%,0,1,1,0,0,6,12,2018
6/13/2018,100.00%,0,1,1,0,0,6,13,2018
6/14/2018,100.00%,0,1,1,0,0,6,14,2018
6/15/2018,100.00%,0,1,1,0,0,6,15,2018
6/16/2018,100.00%,0,1,1,0,0,6,16,2018
6/17/2018,100.00%,0,1,1,0,0,6,17,2018
6/18/2018,100.00%,0,1,1,0,0,6,18,2018
6/19/2018,100.00%,0,1,1,0,0,6,19,2018
6/20/2018,100.00%,0,1,1,0,0,6,20,2018
6/21/2018,100.00%,0,1,1,0,0,6,21,2018
6/22/2018,100.00%,0,1,1,0,0,6,22,2018
6/23/2018,100.00%,0,1,1,0,0,6,23,2018
6/24/2018,100.00%,0,2,1,0,0,6,24,2018
6/25/2018,100.00%,0,1,1,1,50,6,25,2018
6/26/2018,100.00%,0,1,1,0,0,6,26,2018
6/27/2018,100.00%,0,1,1,0,0,6,27,2018
6/28/2018,100.00%,0,1,1,0,0,6,28,2018
6/29/2018,100.00%,0,1,1,0,0,6,29,2018
6/30/2018,100.00%,0,1,1,0,0,6,30,2018
7/1/2018,100.00%,0,1,1,0,0,7,1,2018
7/2/2018,100.00%,0,1,1,0,0,7,2,2018
7/3/2018,100.00%,0,1,1,0,0,7,3,2018
7/4/2018,100.00%,0,1,1,0,0,7,4,2018
7/5/2018,100.00%,0,1,1,0,0,7,5,2018
7/6/2018,100.00%,0,1,1,0,0,7,6,2018
7/7/2018,100.00%,0,1,1,0,0,7,7,2018
7/8/2018,100.00%,0,1,1,0,0,7,8,2018
7/9/2018,100.00%,0,1,1,0,0,7,9,2018
7/10/2018,100.00%,0,1,1,0,0,7,10,2018
7/11/2018,100.00%,0,1,1,0,0,7,11,2018
7/12/2018,100.00%,0,1,1,0,0,7,12,2018
7/13/2018,100.00%,0,2,1,0,0,7,13,2018
7/14/2018,100.00%,0,1,1,0,0,7,14,2018
7/15/2018,100.00%,0,1,1,0,0,7,15,2018
7/16/2018,100.00%,0,1,1,0,0,7,16,2018
7/17/2018,100.00%,0,1,1,0,0,7,17,2018
7/18/2018,100.00%,0,1,1,0,0,7,18,2018
7/19/2018,100.00%,0,1,1,0,0,7,19,2018
7/20/2018,100.00%,0,1,1,1,50,7,20,2018
7/21/2018,100.00%,0,1,1,1,50,7,21,2018
7/22/2018,100.00%,0,1,1,1,50,7,22,2018
7/23/2018,100.00%,0,1,1,1,50,7,23,2018
7/24/2018,100.00%,0,1,1,1,50,7,24,2018
7/25/2018,100.00%,0,1,1,1,50,7,25,2018
7/26/2018,100.00%,0,1,1,0,0,7,26,2018
7/27/2018,100.00%,0,1,1,1,50,7,27,2018
7/28/2018,100.00%,0,1,1,0,0,7,28,2018
7/29/2018,100.00%,0,1,1,1,50,7,29,2018
7/30/2018,100.00%,0,1,1,0,0,7,30,2018
7/31/2018,100.00%,0,1,1,0,0,7,31,2018
8/1/2018,100.00%,0,1,1,0,0,8,1,2018
8/2/2018,100.00%,0,1,1,0,0,8,2,2018
8/3/2018,100.00%,0,2,1,0,0,8,3,2018
8/4/2018,100.00%,0,1,1,0,0,8,4,2018
8/5/2018,100.00%,0,1,1,0,0,8,5,2018
8/6/2018,100.00%,0,1,1,0,0,8,6,2018
8/7/2018,100.00%,0,1,1,0,0,8,7,2018
8/8/2018,100.00%,0,1,1,0,0,8,8,2018
8/9/2018,100.00%,0,1,1,0,0,8,9,2018
8/10/2018,100.00%,0,1,1,0,0,8,10,2018
8/11/2018,100.00%,0,1,1,0,0,8,11,2018
8/12/2018,100.00%,0,1,1,0,0,8,12,2018
8/13/2018,100.00%,0,2,1,0,0,8,13,2018
8/14/2018,100.00%,0,1,1,0,0,8,14,2018
8/15/2018,100.00%,0,1,1,0,0,8,15,2018
8/16/2018,100.00%,0,1,1,0,0,8,16,2018
8/17/2018,100.00%,0,1,1,1,50,8,17,2018
8/18/2018,100.00%,0,1,1,1,50,8,18,2018
8/19/2018,100.00%,0,1,1,0,0,8,19,2018
8/20/2018,100.00%,0,1,1,1,50,8,20,2018
8/21/2018,100.00%,0,1,1,0,0,8,21,2018
8/22/2018,100.00%,0,1,1,1,50,8,22,2018
8/23/2018,100.00%,0,1,1,1,50,8,23,2018
8/24/2018,100.00%,0,1,1,0,0,8,24,2018
8/25/2018,100.00%,0,1,1,1,100,8,25,2018
8/26/2018,100.00%,0,1,1,1,100,8,26,2018
8/27/2018,100.00%,0,1,1,1,100,8,27,2018
8/28/2018,100.00%,0,1,1,1,50,8,28,2018
8/29/2018,0.00%,11,1,2,0,0,8,29,2018
8/30/2018,0.00%,32,1,1,0,0,8,30,2018
8/31/2018,0.00%,19,1,1,0,0,8,31,2018
9/1/2018,0.00%,1831,1,1,0,0,9,1,2018
9/2/2018,0.00%,1410,1,1,1,50,9,2,2018
9/3/2018,0.00%,0,0,0,1,50,9,3,2018
9/4/2018,0.00%,35,1,2,1,50,9,4,2018
9/5/2018,0.00%,1530,1,1,0,0,9,5,2018
9/6/2018,0.00%,1256,1,1,0,0,9,6,2018
9/7/2018,0.00%,1236,1,1,0,0,9,7,2018
9/8/2018,0.00%,0,1,2,0,0,9,8,2018
9/9/2018,0.00%,236,1,4,0,0,9,9,2018
9/10/2018,0.00%,0,0,0,1,50,9,10,2018
9/11/2018,0.00%,1060,1,1,0,0,9,11,2018
9/12/2018,0.00%,38,1,2,0,0,9,12,2018
9/13/2018,0.00%,1103,1,1,0,0,9,13,2018
9/14/2018,0.00%,413,1,1,0,0,9,14,2018
9/15/2018,0.00%,36,1,1,0,0,9,15,2018
9/16/2018,0.00%,26,1,2,0,0,9,16,2018
9/17/2018,0.00%,153,1,1,0,0,9,17,2018
9/18/2018,0.00%,95,1,2,0,0,9,18,2018
9/19/2018,0.00%,267,1,1,0,0,9,19,2018
9/20/2018,0.00%,64,1,1,0,0,9,20,2018
9/21/2018,0.00%,397,1,1,1,100,9,21,2018
9/22/2018,0.00%,16,1,4,1,100,9,22,2018
9/23/2018,0.00%,384,1,1,0,0,9,23,2018
9/24/2018,0.00%,0,0,0,1,100,9,24,2018
9/25/2018,100.00%,0,1,1,0,0,9,25,2018
9/26/2018,100.00%,0,1,1,0,0,9,26,2018
9/27/2018,100.00%,0,1,1,0,0,9,27,2018
9/28/2018,100.00%,0,1,1,0,0,9,28,2018
9/29/2018,100.00%,0,1,1,0,0,9,29,2018
9/30/2018,100.00%,0,1,1,0,0,9,30,2018
10/1/2018,100.00%,0,1,1,0,0,10,1,2018
10/2/2018,100.00%,0,1,1,0,0,10,2,2018
10/3/2018,100.00%,0,1,1,0,0,10,3,2018
10/4/2018,100.00%,0,1,1,0,0,10,4,2018
10/5/2018,100.00%,0,1,1,0,0,10,5,2018
10/6/2018,100.00%,0,1,1,0,0,10,6,2018
10/7/2018,100.00%,0,1,1,0,0,10,7,2018
10/8/2018,100.00%,0,1,1,0,0,10,8,2018
10/9/2018,100.00%,0,1,1,0,0,10,9,2018
10/10/2018,100.00%,0,1,1,0,0,10,10,2018
10/11/2018,100.00%,0,1,1,0,0,10,11,2018
10/12/2018,100.00%,0,1,1,0,0,10,12,2018
10/13/2018,100.00%,0,1,1,0,0,10,13,2018
10/14/2018,100.00%,0,1,1,0,0,10,14,2018
10/15/2018,100.00%,0,1,1,0,0,10,15,2018
10/16/2018,100.00%,0,1,1,0,0,10,16,2018
10/17/2018,100.00%,0,1,1,0,0,10,17,2018
10/18/2018,100.00%,0,1,1,0,0,10,18,2018
10/19/2018,100.00%,0,1,1,0,0,10,19,2018
10/20/2018,100.00%,0,1,1,0,0,10,20,2018
10/21/2018,100.00%,0,1,1,0,0,10,21,2018
10/22/2018,100.00%,0,1,1,0,0,10,22,2018
10/23/2018,100.00%,0,2,1,0,0,10,23,2018
10/24/2018,100.00%,0,1,1,1,50,10,24,2018
10/25/2018,100.00%,0,1,1,0,0,10,25,2018
10/26/2018,100.00%,0,1,1,0,0,10,26,2018
10/27/2018,100.00%,0,1,1,0,0,10,27,2018
10/28/2018,100.00%,0,1,1,0,0,10,28,2018
10/29/2018,100.00%,0,1,1,0,0,10,29,2018
10/30/2018,100.00%,0,1,1,0,0,10,30,2018
10/31/2018,100.00%,0,1,1,0,0,10,31,2018
11/1/2018,100.00%,0,1,1,0,0,11,1,2018
11/2/2018,100.00%,0,1,1,0,0,11,2,2018
11/3/2018,100.00%,0,1,1,0,0,11,3,2018
11/4/2018,100.00%,0,1,1,0,0,11,4,2018
11/5/2018,100.00%,0,1,1,0,0,11,5,2018
11/6/2018,100.00%,0,1,1,0,0,11,6,2018
11/7/2018,100.00%,0,1,1,0,0,11,7,2018
11/8/2018,100.00%,0,1,1,0,0,11,8,2018
11/9/2018,100.00%,0,1,1,0,0,11,9,2018
11/10/2018,100.00%,0,1,1,0,0,11,10,2018
11/11/2018,100.00%,0,2,1,0,0,11,11,2018
11/12/2018,100.00%,0,1,1,0,0,11,12,2018
11/13/2018,100.00%,0,1,1,0,0,11,13,2018
11/14/2018,100.00%,0,1,1,0,0,11,14,2018
11/15/2018,100.00%,0,1,1,0,0,11,15,2018
11/16/2018,100.00%,0,1,1,0,0,11,16,2018
11/17/2018,100.00%,0,1,1,0,0,11,17,2018
11/18/2018,100.00%,0,1,1,1,50,11,18,2018
11/19/2018,100.00%,0,1,1,1,50,11,19,2018
11/20/2018,100.00%,0,1,1,1,50,11,20,2018
11/21/2018,100.00%,0,1,1,1,50,11,21,2018
11/22/2018,100.00%,0,1,1,1,50,11,22,2018
11/23/2018,100.00%,0,1,1,1,50,11,23,2018
11/24/2018,100.00%,0,1,1,0,0,11,24,2018
11/25/2018,100.00%,0,1,1,1,50,11,25,2018
11/26/2018,100.00%,0,1,1,0,0,11,26,2018
11/27/2018,100.00%,0,1,1,1,50,11,27,2018
11/28/2018,100.00%,0,1,1,0,0,11,28,2018
11/29/2018,100.00%,0,1,1,0,0,11,29,2018
11/30/2018,100.00%,0,1,1,0,0,11,30,2018
12/1/2018,100.00%,0,1,1,0,0,12,1,2018
12/2/2018,100.00%,0,2,1,0,0,12,2,2018
12/3/2018,100.00%,0,1,1,0,0,12,3,2018
12/4/2018,100.00%,0,1,1,0,0,12,4,2018
12/5/2018,100.00%,0,1,1,0,0,12,5,2018
12/6/2018,100.00%,0,1,1,0,0,12,6,2018
12/7/2018,100.00%,0,1,1,0,0,12,7,2018
12/8/2018,100.00%,0,1,1,0,0,12,8,2018
12/9/2018,100.00%,0,1,1,0,0,12,9,2018
12/10/2018,100.00%,0,1,1,0,0,12,10,2018
12/11/2018,100.00%,0,1,1,0,0,12,11,2018
12/12/2018,100.00%,0,2,1,0,0,12,12,2018
12/13/2018,100.00%,0,1,1,0,0,12,13,2018
12/14/2018,100.00%,0,1,1,0,0,12,14,2018
12/15/2018,100.00%,0,1,1,0,0,12,15,2018
12/16/2018,100.00%,0,1,1,1,50,12,16,2018
12/17/2018,100.00%,0,1,1,1,50,12,17,2018
12/18/2018,100.00%,0,1,1,0,0,12,18,2018
12/19/2018,100.00%,0,1,1,1,50,12,19,2018
12/20/2018,100.00%,0,1,1,0,0,12,20,2018
12/21/2018,100.00%,0,1,1,1,50,12,21,2018
12/22/2018,100.00%,0,1,1,1,50,12,22,2018
12/23/2018,100.00%,0,1,1,0,0,12,23,2018
12/24/2018,100.00%,0,1,1,1,100,12,24,2018
12/25/2018,100.00%,0,1,1,1,100,12,25,2018
12/26/2018,100.00%,0,1,1,1,100,12,26,2018
12/27/2018,100.00%,0,1,1,1,50,12,27,2018
12/28/2018,0.00%,11,1,2,0,0,12,28,2018
12/29/2018,0.00%,32,1,1,0,0,12,29,2018
12/30/2018,0.00%,19,1,1,0,0,12,30,2018
12/31/2018,0.00%,1831,1,1,0,0,12,31,2018
1/1/2019,0.00%,1410,1,1,1,50,1,1,2019
1/2/2019,0.00%,0,0,0,1,50,1,2,2019
1/3/2019,0.00%,35,1,2,1,50,1,3,2019
1/4/2019,0.00%,1530,1,1,0,0,1,4,2019
1/5/2019,0.00%,1256,1,1,0,0,1,5,2019
1/6/2019,0.00%,1236,1,1,0,0,1,6,2019
1/7/2019,0.00%,0,1,2,0,0,1,7,2019
1/8/2019,0.00%,236,1,4,0,0,1,8,2019
1/9/2019,0.00%,0,0,0,1,50,1,9,2019
1/10/2019,0.00%,1060,1,1,0,0,1,10,2019
1/11/2019,0.00%,38,1,2,0,0,1,11,2019
1/12/2019,0.00%,1103,1,1,0,0,1,12,2019
1/13/2019,0.00%,413,1,1,0,0,1,13,2019
1/14/2019,0.00%,36,1,1,0,0,1,14,2019
1/15/2019,0.00%,26,1,2,0,0,1,15,2019
1/16/2019,0.00%,153,1,1,0,0,1,16,2019
1/17/2019,0.00%,95,1,2,0,0,1,17,2019
1/18/2019,0.00%,267,1,1,0,0,1,18,2019
1/19/2019,0.00%,64,1,1,0,0,1,19,2019
1/20/2019,0.00%,397,1,1,1,100,1,20,2019
1/21/2019,0.00%,16,1,4,1,100,1,21,2019
1/22/2019,0.00%,384,1,1,0,0,1,22,2019
1/23/2019,0.00%,0,0,0,1,100,1,23,2019
1/24/2019,100.00%,0,1,1,0,0,1,24,2019
1/25/2019,100.00%,0,1,1,0,0,1,25,2019
1/26/2019,100.00%,0,1,1,0,0,1,26,2019
1/27/2019,100.00%,0,1,1,0,0,1,27,2019
1/28/2019,100.00%,0,1,1,0,0,1,28,2019
1/29/2019,100.00%,0,1,1,0,0,1,29,2019
1/30/2019,100.00%,0,1,1,0,0,1,30,2019
1/31/2019,100.00%,0,1,1,0,0,1,31,2019
2/1/2019,100.00%,0,1,1,0,0,2,1,2019
2/2/2019,100.00%,0,1,1,0,0,2,2,2019
2/3/2019,100.00%,0,1,1,0,0,2,3,2019
2/4/2019,100.00%,0,1,1,0,0,2,4,2019
2/5/2019,100.00%,0,1,1,0,0,2,5,2019
2/6/2019,100.00%,0,1,1,0,0,2,6,2019
2/7/2019,100.00%,0,1,1,0,0,2,7,2019
2/8/2019,100.00%,0,1,1,0,0,2,8,2019
2/9/2019,100.00%,0,1,1,0,0,2,9,2019
2/10/2019,100.00%,0,1,1,0,0,2,10,2019
2/11/2019,100.00%,0,1,1,0,0,2,11,2019
2/12/2019,100.00%,0,1,1,0,0,2,12,2019
2/13/2019,100.00%,0,1,1,0,0,2,13,2019
2/14/2019,100.00%,0,1,1,0,0,2,14,2019
2/15/2019,100.00%,0,1,1,0,0,2,15,2019
2/16/2019,100.00%,0,1,1,0,0,2,16,2019
2/17/2019,100.00%,0,1,1,0,0,2,17,2019
2/18/2019,100.00%,0,1,1,0,0,2,18,2019
2/19/2019,100.00%,0,1,1,0,0,2,19,2019
2/20/2019,100.00%,0,1,1,0,0,2,20,2019
2/21/2019,100.00%,0,2,1,0,0,2,21,2019
2/22/2019,100.00%,0,1,1,1,50,2,22,2019
2/23/2019,100.00%,0,1,1,0,0,2,23,2019
2/24/2019,100.00%,0,1,1,0,0,2,24,2019
2/25/2019,100.00%,0,1,1,0,0,2,25,2019
2/26/2019,100.00%,0,1,1,0,0,2,26,2019
2/27/2019,100.00%,0,1,1,0,0,2,27,2019
2/28/2019,100.00%,0,1,1,0,0,2,28,2019
3/1/2019,100.00%,0,1,1,0,0,3,1,2019
3/2/2019,100.00%,0,1,1,0,0,3,2,2019
3/3/2019,100.00%,0,1,1,0,0,3,3,2019
3/4/2019,100.00%,0,1,1,0,0,3,4,2019
3/5/2019,100.00%,0,1,1,0,0,3,5,2019
3/6/2019,100.00%,0,1,1,0,0,3,6,2019
3/7/2019,100.00%,0,1,1,0,0,3,7,2019
3/8/2019,100.00%,0,1,1,0,0,3,8,2019
3/9/2019,100.00%,0,1,1,0,0,3,9,2019
3/10/2019,100.00%,0,1,1,0,0,3,10,2019
3/11/2019,100.00%,0,1,1,0,0,3,11,2019
3/12/2019,100.00%,0,2,1,0,0,3,12,2019
3/13/2019,100.00%,0,1,1,0,0,3,13,2019
3/14/2019,100.00%,0,1,1,0,0,3,14,2019
3/15/2019,100.00%,0,1,1,0,0,3,15,2019
3/16/2019,100.00%,0,1,1,0,0,3,16,2019
3/17/2019,100.00%,0,1,1,0,0,3,17,2019
3/18/2019,100.00%,0,1,1,0,0,3,18,2019
3/19/2019,100.00%,0,1,1,1,50,3,19,2019
3/20/2019,100.00%,0,1,1,1,50,3,20,2019
3/21/2019,100.00%,0,1,1,1,50,3,21,2019
3/22/2019,100.00%,0,1,1,1,50,3,22,2019
3/23/2019,100.00%,0,1,1,1,50,3,23,2019
3/24/2019,100.00%,0,1,1,1,50,3,24,2019
3/25/2019,100.00%,0,1,1,0,0,3,25,2019
3/26/2019,100.00%,0,1,1,1,50,3,26,2019
3/27/2019,100.00%,0,1,1,0,0,3,27,2019
3/28/2019,100.00%,0,1,1,1,50,3,28,2019
3/29/2019,100.00%,0,1,1,0,0,3,29,2019
3/30/2019,100.00%,0,1,1,0,0,3,30,2019
3/31/2019,100.00%,0,1,1,0,0,3,31,2019
4/1/2019,100.00%,0,1,1,0,0,4,1,2019
4/2/2019,100.00%,0,2,1,0,0,4,2,2019
4/3/2019,100.00%,0,1,1,0,0,4,3,2019
4/4/2019,100.00%,0,1,1,0,0,4,4,2019
4/5/2019,100.00%,0,1,1,0,0,4,5,2019
4/6/2019,100.00%,0,1,1,0,0,4,6,2019
4/7/2019,100.00%,0,1,1,0,0,4,7,2019
4/8/2019,100.00%,0,1,1,0,0,4,8,2019
4/9/2019,100.00%,0,1,1,0,0,4,9,2019
4/10/2019,100.00%,0,1,1,0,0,4,10,2019
4/11/2019,100.00%,0,1,1,0,0,4,11,2019
4/12/2019,100.00%,0,2,1,0,0,4,12,2019
4/13/2019,100.00%,0,1,1,0,0,4,13,2019
4/14/2019,100.00%,0,1,1,0,0,4,14,2019
4/15/2019,100.00%,0,1,1,0,0,4,15,2019
4/16/2019,100.00%,0,1,1,1,50,4,16,2019
4/17/2019,100.00%,0,1,1,1,50,4,17,2019
4/18/2019,100.00%,0,1,1,0,0,4,18,2019
4/19/2019,100.00%,0,1,1,1,50,4,19,2019
4/20/2019,100.00%,0,1,1,0,0,4,20,2019
4/21/2019,100.00%,0,1,1,1,50,4,21,2019
4/22/2019,100.00%,0,1,1,1,50,4,22,2019
4/23/2019,100.00%,0,1,1,0,0,4,23,2019
4/24/2019,100.00%,0,1,1,1,100,4,24,2019
4/25/2019,100.00%,0,1,1,1,100,4,25,2019
4/26/2019,100.00%,0,1,1,1,100,4,26,2019
4/27/2019,100.00%,0,1,1,1,50,4,27,2019
4/28/2019,0.00%,11,1,2,0,0,4,28,2019
4/29/2019,0.00%,32,1,1,0,0,4,29,2019
4/30/2019,0.00%,19,1,1,0,0,4,30,2019
5/1/2019,0.00%,1831,1,1,0,0,5,1,2019
5/2/2019,0.00%,1410,1,1,1,50,5,2,2019
5/3/2019,0.00%,0,0,0,1,50,5,3,2019
5/4/2019,0.00%,35,1,2,1,50,5,4,2019
5/5/2019,0.00%,1530,1,1,0,0,5,5,2019
5/6/2019,0.00%,1256,1,1,0,0,5,6,2019
5/7/2019,0.00%,1236,1,1,0,0,5,7,2019
5/8/2019,0.00%,0,1,2,0,0,5,8,2019
5/9/2019,0.00%,236,1,4,0,0,5,9,2019
5/10/2019,0.00%,0,0,0,1,50,5,10,2019
5/11/2019,0.00%,1060,1,1,0,0,5,11,2019
5/12/2019,0.00%,38,1,2,0,0,5,12,2019
5/13/2019,0.00%,1103,1,1,0,0,5,13,2019
5/14/2019,0.00%,413,1,1,0,0,5,14,2019
5/15/2019,0.00%,36,1,1,0,0,5,15,2019
5/16/2019,0.00%,26,1,2,0,0,5,16,2019
5/17/2019,0.00%,153,1,1,0,0,5,17,2019
5/18/2019,0.00%,95,1,2,0,0,5,18,2019
5/19/2019,0.00%,267,1,1,0,0,5,19,2019
5/20/2019,0.00%,64,1,1,0,0,5,20,2019
5/21/2019,0.00%,397,1,1,1,100,5,21,2019
5/22/2019,0.00%,16,1,4,1,100,5,22,2019
5/23/2019,0.00%,384,1,1,0,0,5,23,2019
5/24/2019,0.00%,0,0,0,1,100,5,24,2019
5/25/2019,100.00%,0,1,1,0,0,5,25,2019
5/26/2019,100.00%,0,1,1,0,0,5,26,2019
5/27/2019,100.00%,0,1,1,0,0,5,27,2019
5/28/2019,100.00%,0,1,1,0,0,5,28,2019
5/29/2019,100.00%,0,1,1,0,0,5,29,2019
5/30/2019,100.00%,0,1,1,0,0,5,30,2019
5/31/2019,100.00%,0,1,1,0,0,5,31,2019
6/1/2019,100.00%,0,1,1,0,0,6,1,2019
6/2/2019,100.00%,0,1,1,0,0,6,2,2019
6/3/2019,100.00%,0,1,1,0,0,6,3,2019
6/4/2019,100.00%,0,1,1,0,0,6,4,2019
6/5/2019,100.00%,0,1,1,0,0,6,5,2019
6/6/2019,100.00%,0,1,1,0,0,6,6,2019
6/7/2019,100.00%,0,1,1,0,0,6,7,2019
6/8/2019,100.00%,0,1,1,0,0,6,8,2019
6/9/2019,100.00%,0,1,1,0,0,6,9,2019
6/10/2019,100.00%,0,1,1,0,0,6,10,2019
6/11/2019,100.00%,0,1,1,0,0,6,11,2019
6/12/2019,100.00%,0,1,1,0,0,6,12,2019
6/13/2019,100.00%,0,1,1,0,0,6,13,2019
6/14/2019,100.00%,0,1,1,0,0,6,14,2019
6/15/2019,100.00%,0,1,1,0,0,6,15,2019
6/16/2019,100.00%,0,1,1,0,0,6,16,2019
6/17/2019,100.00%,0,1,1,0,0,6,17,2019
6/18/2019,100.00%,0,1,1,0,0,6,18,2019
6/19/2019,100.00%,0,1,1,0,0,6,19,2019
6/20/2019,100.00%,0,1,1,0,0,6,20,2019
6/21/2019,100.00%,0,1,1,0,0,6,21,2019
6/22/2019,100.00%,0,2,1,0,0,6,22,2019
6/23/2019,100.00%,0,1,1,1,50,6,23,2019
6/24/2019,100.00%,0,1,1,0,0,6,24,2019
6/25/2019,100.00%,0,1,1,0,0,6,25,2019
6/26/2019,100.00%,0,1,1,0,0,6,26,2019
6/27/2019,100.00%,0,1,1,0,0,6,27,2019
6/28/2019,100.00%,0,1,1,0,0,6,28,2019
6/29/2019,100.00%,0,1,1,0,0,6,29,2019
6/30/2019,100.00%,0,1,1,0,0,6,30,2019
7/1/2019,100.00%,0,1,1,0,0,7,1,2019
7/2/2019,100.00%,0,1,1,0,0,7,2,2019
7/3/2019,100.00%,0,1,1,0,0,7,3,2019
7/4/2019,100.00%,0,1,1,0,0,7,4,2019
7/5/2019,100.00%,0,1,1,0,0,7,5,2019
7/6/2019,100.00%,0,1,1,0,0,7,6,2019
7/7/2019,100.00%,0,1,1,0,0,7,7,2019
7/8/2019,100.00%,0,1,1,0,0,7,8,2019
7/9/2019,100.00%,0,1,1,0,0,7,9,2019
7/10/2019,100.00%,0,1,1,0,0,7,10,2019
7/11/2019,100.00%,0,2,1,0,0,7,11,2019
7/12/2019,100.00%,0,1,1,0,0,7,12,2019
7/13/2019,100.00%,0,1,1,0,0,7,13,2019
7/14/2019,100.00%,0,1,1,0,0,7,14,2019
7/15/2019,100.00%,0,1,1,0,0,7,15,2019
7/16/2019,100.00%,0,1,1,0,0,7,16,2019
7/17/2019,100.00%,0,1,1,0,0,7,17,2019
7/18/2019,100.00%,0,1,1,1,50,7,18,2019
7/19/2019,100.00%,0,1,1,1,50,7,19,2019
7/20/2019,100.00%,0,1,1,1,50,7,20,2019
7/21/2019,100.00%,0,1,1,1,50,7,21,2019
7/22/2019,100.00%,0,1,1,1,50,7,22,2019
7/23/2019,100.00%,0,1,1,1,50,7,23,2019
7/24/2019,100.00%,0,1,1,0,0,7,24,2019
7/25/2019,100.00%,0,1,1,1,50,7,25,2019
7/26/2019,100.00%,0,1,1,0,0,7,26,2019
7/27/2019,100.00%,0,1,1,1,50,7,27,2019
7/28/2019,100.00%,0,1,1,0,0,7,28,2019
7/29/2019,100.00%,0,1,1,0,0,7,29,2019
7/30/2019,100.00%,0,1,1,0,0,7,30,2019
7/31/2019,100.00%,0,1,1,0,0,7,31,2019
8/1/2019,100.00%,0,2,1,0,0,8,1,2019
8/2/2019,100.00%,0,1,1,0,0,8,2,2019
8/3/2019,100.00%,0,1,1,0,0,8,3,2019
8/4/2019,100.00%,0,1,1,0,0,8,4,2019
8/5/2019,100.00%,0,1,1,0,0,8,5,2019
8/6/2019,100.00%,0,1,1,0,0,8,6,2019
8/7/2019,100.00%,0,1,1,0,0,8,7,2019
8/8/2019,100.00%,0,1,1,0,0,8,8,2019
8/9/2019,100.00%,0,1,1,0,0,8,9,2019
8/10/2019,100.00%,0,1,1,0,0,8,10,2019
8/11/2019,100.00%,0,2,1,0,0,8,11,2019
8/12/2019,100.00%,0,1,1,0,0,8,12,2019
8/13/2019,100.00%,0,1,1,0,0,8,13,2019
8/14/2019,100.00%,0,1,1,0,0,8,14,2019
8/15/2019,100.00%,0,1,1,1,50,8,15,2019
8/16/2019,100.00%,0,1,1,1,50,8,16,2019
8/17/2019,100.00%,0,1,1,0,0,8,17,2019
8/18/2019,100.00%,0,1,1,1,50,8,18,2019
8/19/2019,100.00%,0,1,1,0,0,8,19,2019
8/20/2019,100.00%,0,1,1,1,50,8,20,2019
8/21/2019,100.00%,0,1,1,1,50,8,21,2019
8/22/2019,100.00%,0,1,1,0,0,8,22,2019
8/23/2019,100.00%,0,1,1,1,100,8,23,2019
8/24/2019,100.00%,0,1,1,1,100,8,24,2019
8/25/2019,100.00%,0,1,1,1,100,8,25,2019
8/26/2019,100.00%,0,1,1,1,50,8,26,2019
8/27/2019,0.00%,11,1,2,0,0,8,27,2019
8/28/2019,0.00%,32,1,1,0,0,8,28,2019
8/29/2019,0.00%,19,1,1,0,0,8,29,2019
8/30/2019,0.00%,1831,1,1,0,0,8,30,2019
8/31/2019,0.00%,1410,1,1,1,50,8,31,2019
9/1/2019,0.00%,0,0,0,1,50,9,1,2019
9/2/2019,0.00%,35,1,2,1,50,9,2,2019
9/3/2019,0.00%,1530,1,1,0,0,9,3,2019
9/4/2019,0.00%,1256,1,1,0,0,9,4,2019
9/5/2019,0.00%,1236,1,1,0,0,9,5,2019
9/6/2019,0.00%,0,1,2,0,0,9,6,2019
9/7/2019,0.00%,236,1,4,0,0,9,7,2019
9/8/2019,0.00%,0,0,0,1,50,9,8,2019
9/9/2019,0.00%,1060,1,1,0,0,9,9,2019
9/10/2019,0.00%,38,1,2,0,0,9,10,2019
9/11/2019,0.00%,1103,1,1,0,0,9,11,2019
9/12/2019,0.00%,413,1,1,0,0,9,12,2019
9/13/2019,0.00%,36,1,1,0,0,9,13,2019
9/14/2019,0.00%,26,1,2,0,0,9,14,2019
9/15/2019,0.00%,153,1,1,0,0,9,15,2019
9/16/2019,0.00%,95,1,2,0,0,9,16,2019
9/17/2019,0.00%,267,1,1,0,0,9,17,2019
9/18/2019,0.00%,64,1,1,0,0,9,18,2019
9/19/2019,0.00%,397,1,1,1,100,9,19,2019
9/20/2019,0.00%,16,1,4,1,100,9,20,2019
9/21/2019,0.00%,384,1,1,0,0,9,21,2019
9/22/2019,0.00%,0,0,0,1,100,9,22,2019
9/23/2019,100.00%,0,1,1,0,0,9,23,2019
9/24/2019,100.00%,0,1,1,0,0,9,24,2019
9/25/2019,100.00%,0,1,1,0,0,9,25,2019
9/26/2019,100.00%,0,1,1,0,0,9,26,2019
9/27/2019,100.00%,0,1,1,0,0,9,27,2019
9/28/2019,100.00%,0,1,1,0,0,9,28,2019
9/29/2019,100.00%,0,1,1,0,0,9,29,2019
9/30/2019,100.00%,0,1,1,0,0,9,30,2019
10/1/2019,100.00%,0,1,1,0,0,10,1,2019
10/2/2019,100.00%,0,1,1,0,0,10,2,2019
10/3/2019,100.00%,0,1,1,0,0,10,3,2019
10/4/2019,100.00%,0,1,1,0,0,10,4,2019
10/5/2019,100.00%,0,1,1,0,0,10,5,2019
10/6/2019,100.00%,0,1,1,0,0,10,6,2019
10/7/2019,100.00%,0,1,1,0,0,10,7,2019
10/8/2019,100.00%,0,1,1,0,0,10,8,2019
10/9/2019,100.00%,0,1,1,0,0,10,9,2019
10/10/2019,100.00%,0,1,1,0,0,10,10,2019
10/11/2019,100.00%,0,1,1,0,0,10,11,2019
10/12/2019,100.00%,0,1,1,0,0,10,12,2019
10/13/2019,100.00%,0,1,1,0,0,10,13,2019
10/14/2019,100.00%,0,1,1,0,0,10,14,2019
10/15/2019,100.00%,0,1,1,0,0,10,15,2019
10/16/2019,100.00%,0,1,1,0,0,10,16,2019
10/17/2019,100.00%,0,1,1,0,0,10,17,2019
10/18/2019,100.00%,0,1,1,0,0,10,18,2019
10/19/2019,100.00%,0,1,1,0,0,10,19,2019
10/20/2019,100.00%,0,1,1,0,0,10,20,2019
10/21/2019,100.00%,0,2,1,0,0,10,21,2019
10/22/2019,100.00%,0,1,1,1,50,10,22,2019
10/23/2019,100.00%,0,1,1,0,0,10,23,2019
10/24/2019,100.00%,0,1,1,0,0,10,24,2019
10/25/2019,100.00%,0,1,1,0,0,10,25,2019
10/26/2019,100.00%,0,1,1,0,0,10,26,2019
10/27/2019,100.00%,0,1,1,0,0,10,27,2019
10/28/2019,100.00%,0,1,1,0,0,10,28,2019
10/29/2019,100.00%,0,1,1,0,0,10,29,2019
10/30/2019,100.00%,0,1,1,0,0,10,30,2019
10/31/2019,100.00%,0,1,1,0,0,10,31,2019
11/1/2019,100.00%,0,1,1,0,0,11,1,2019
11/2/2019,100.00%,0,1,1,0,0,11,2,2019
11/3/2019,100.00%,0,1,1,0,0,11,3,2019
11/4/2019,100.00%,0,1,1,0,0,11,4,2019
11/5/2019,100.00%,0,1,1,0,0,11,5,2019
11/6/2019,100.00%,0,1,1,0,0,11,6,2019
11/7/2019,100.00%,0,1,1,0,0,11,7,2019
11/8/2019,100.00%,0,1,1,0,0,11,8,2019
11/9/2019,100.00%,0,2,1,0,0,11,9,2019
11/10/2019,100.00%,0,1,1,0,0,11,10,2019
11/11/2019,100.00%,0,1,1,0,0,11,11,2019
11/12/2019,100.00%,0,1,1,0,0,11,12,2019
11/13/2019,100.00%,0,1,1,0,0,11,13,2019
11/14/2019,100.00%,0,1,1,0,0,11,14,2019
11/15/2019,100.00%,0,1,1,0,0,11,15,2019
11/16/2019,100.00%,0,1,1,1,50,11,16,2019
11/17/2019,100.00%,0,1,1,1,50,11,17,2019
11/18/2019,100.00%,0,1,1,1,50,11,18,2019
11/19/2019,100.00%,0,1,1,1,50,11,19,2019
11/20/2019,100.00%,0,1,1,1,50,11,20,2019
11/21/2019,100.00%,0,1,1,1,50,11,21,2019
11/22/2019,100.00%,0,1,1,0,0,11,22,2019
11/23/2019,100.00%,0,1,1,1,50,11,23,2019
11/24/2019,100.00%,0,1,1,0,0,11,24,2019
11/25/2019,100.00%,0,1,1,1,50,11,25,2019
11/26/2019,100.00%,0,1,1,0,0,11,26,2019
11/27/2019,100.00%,0,1,1,0,0,11,27,2019
11/28/2019,100.00%,0,1,1,0,0,11,28,2019
11/29/2019,100.00%,0,1,1,0,0,11,29,2019
11/30/2019,100.00%,0,2,1,0,0,11,30,2019
12/1/2019,100.00%,0,1,1,0,0,12,1,2019
12/2/2019,100.00%,0,1,1,0,0,12,2,2019
12/3/2019,100.00%,0,1,1,0,0,12,3,2019
12/4/2019,100.00%,0,1,1,0,0,12,4,2019
12/5/2019,100.00%,0,1,1,0,0,12,5,2019
12/6/2019,100.00%,0,1,1,0,0,12,6,2019
12/7/2019,100.00%,0,1,1,0,0,12,7,2019
12/8/2019,100.00%,0,1,1,0,0,12,8,2019
12/9/2019,100.00%,0,1,1,0,0,12,9,2019
12/10/2019,100.00%,0,2,1,0,0,12,10,2019
12/11/2019,100.00%,0,1,1,0,0,12,11,2019
12/12/2019,100.00%,0,1,1,0,0,12,12,2019
12/13/2019,100.00%,0,1,1,0,0,12,13,2019
12/14/2019,100.00%,0,1,1,1,50,12,14,2019
12/15/2019,100.00%,0,1,1,1,50,12,15,2019
12/16/2019,100.00%,0,1,1,0,0,12,16,2019
12/17/2019,100.00%,0,1,1,1,50,12,17,2019
12/18/2019,100.00%,0,1,1,0,0,12,18,2019
12/19/2019,100.00%,0,1,1,1,50,12,19,2019
12/20/2019,100.00%,0,1,1,1,50,12,20,2019
12/21/2019,100.00%,0,1,1,0,0,12,21,2019
12/22/2019,100.00%,0,1,1,1,100,12,22,2019
12/23/2019,100.00%,0,1,1,1,100,12,23,2019
12/24/2019,100.00%,0,1,1,1,100,12,24,2019
12/25/2019,100.00%,0,1,1,1,50,12,25,2019
12/26/2019,0.00%,11,1,2,0,0,12,26,2019
12/27/2019,0.00%,32,1,1,0,0,12,27,2019
12/28/2019,0.00%,19,1,1,0,0,12,28,2019
12/29/2019,0.00%,1831,1,1,0,0,12,29,2019
12/30/2019,0.00%,1410,1,1,1,50,12,30,2019
12/31/2019,0.00%,0,0,0,1,50,12,31,2019
1/1/2020,0.00%,35,1,2,1,50,1,1,2020
1/2/2020,0.00%,1530,1,1,0,0,1,2,2020
1/3/2020,0.00%,1256,1,1,0,0,1,3,2020
1/4/2020,0.00%,1236,1,1,0,0,1,4,2020
1/5/2020,0.00%,0,1,2,0,0,1,5,2020
1/6/2020,0.00%,236,1,4,0,0,1,6,2020
1/7/2020,0.00%,0,0,0,1,50,1,7,2020
1/8/2020,0.00%,1060,1,1,0,0,1,8,2020
1/9/2020,0.00%,38,1,2,0,0,1,9,2020
1/10/2020,0.00%,1103,1,1,0,0,1,10,2020
1/11/2020,0.00%,413,1,1,0,0,1,11,2020
1/12/2020,0.00%,36,1,1,0,0,1,12,2020
1/13/2020,0.00%,26,1,2,0,0,1,13,2020
1/14/2020,0.00%,153,1,1,0,0,1,14,2020
1/15/2020,0.00%,95,1,2,0,0,1,15,2020
1/16/2020,0.00%,267,1,1,0,0,1,16,2020
1/17/2020,0.00%,64,1,1,0,0,1,17,2020
1/18/2020,0.00%,397,1,1,1,100,1,18,2020
1/19/2020,0.00%,16,1,4,1,100,1,19,2020
1/20/2020,0.00%,384,1,1,0,0,1,20,2020
1/21/2020,0.00%,0,0,0,1,100,1,21,2020
1/22/2020,100.00%,0,1,1,0,0,1,22,2020
1/23/2020,100.00%,0,1,1,0,0,1,23,2020
1/24/2020,100.00%,0,1,1,0,0,1,24,2020
1/25/2020,100.00%,0,1,1,0,0,1,25,2020
1/26/2020,100.00%,0,1,1,0,0,1,26,2020
1/27/2020,100.00%,0,1,1,0,0,1,27,2020
1/28/2020,100.00%,0,1,1,0,0,1,28,2020
1/29/2020,100.00%,0,1,1,0,0,1,29,2020
1/30/2020,100.00%,0,1,1,0,0,1,30,2020
1/31/2020,100.00%,0,1,1,0,0,1,31,2020
2/1/2020,100.00%,0,1,1,0,0,2,1,2020
2/2/2020,100.00%,0,1,1,0,0,2,1,2020
2/3/2020,100.00%,0,1,1,0,0,2,1,2020
2/4/2020,100.00%,0,1,1,0,0,2,1,2020
2/5/2020,100.00%,0,1,1,0,0,2,1,2020
2/6/2020,100.00%,0,1,1,0,0,2,1,2020
2/7/2020,100.00%,0,1,1,0,0,2,1,2020
2/8/2020,100.00%,0,1,1,0,0,2,1,2020
2/9/2020,100.00%,0,1,1,0,0,2,1,2020
2/10/2020,100.00%,0,1,1,0,0,2,1,2020
2/11/2020,100.00%,0,1,1,0,0,2,1,2020
2/12/2020,100.00%,0,1,1,0,0,2,1,2020
2/13/2020,100.00%,0,1,1,0,0,2,1,2020
2/14/2020,100.00%,0,1,1,0,0,2,1,2020
2/15/2020,100.00%,0,1,1,0,0,2,1,2020
2/16/2020,100.00%,0,1,1,0,0,2,1,2020
2/17/2020,100.00%,0,1,1,0,0,2,1,2020
2/18/2020,100.00%,0,1,1,0,0,2,1,2020
2/19/2020,100.00%,0,2,1,0,0,2,1,2020
2/20/2020,100.00%,0,1,1,1,50,2,1,2020
2/21/2020,100.00%,0,1,1,0,0,2,1,2020
2/22/2020,100.00%,0,1,1,0,0,2,1,2020
2/23/2020,100.00%,0,1,1,0,0,2,1,2020
2/24/2020,100.00%,0,1,1,0,0,2,1,2020
2/25/2020,100.00%,0,1,1,0,0,2,1,2020
2/26/2020,100.00%,0,1,1,0,0,2,1,2020
2/27/2020,100.00%,0,1,1,0,0,2,1,2020
2/28/2020,100.00%,0,1,1,0,0,2,1,2020
2/29/2020,100.00%,0,1,1,0,0,2,1,2020
3/1/2020,100.00%,0,1,1,0,0,2,1,2020
3/2/2020,100.00%,0,1,1,0,0,2,1,2020
3/3/2020,100.00%,0,1,1,0,0,2,1,2020
3/4/2020,100.00%,0,1,1,0,0,2,1,2020
3/5/2020,100.00%,0,1,1,0,0,2,1,2020
3/6/2020,100.00%,0,1,1,0,0,2,1,2020
3/7/2020,100.00%,0,1,1,0,0,2,1,2020
3/8/2020,100.00%,0,1,1,0,0,2,1,2020
3/9/2020,100.00%,0,2,1,0,0,2,1,2020
3/10/2020,100.00%,0,1,1,0,0,2,1,2020
3/11/2020,100.00%,0,1,1,0,0,2,1,2020
3/12/2020,100.00%,0,1,1,0,0,2,1,2020
3/13/2020,100.00%,0,1,1,0,0,2,1,2020
3/14/2020,100.00%,0,1,1,0,0,2,1,2020
3/15/2020,100.00%,0,1,1,0,0,2,1,2020
3/16/2020,100.00%,0,1,1,1,50,2,1,2020
3/17/2020,100.00%,0,1,1,1,50,2,1,2020
3/18/2020,100.00%,0,1,1,1,50,2,1,2020
3/19/2020,100.00%,0,1,1,1,50,2,1,2020
3/20/2020,100.00%,0,1,1,1,50,2,1,2020
3/21/2020,100.00%,0,1,1,1,50,2,1,2020
3/22/2020,100.00%,0,1,1,0,0,2,1,2020
3/23/2020,100.00%,0,1,1,1,50,2,1,2020
3/24/2020,100.00%,0,1,1,0,0,2,1,2020
3/25/2020,100.00%,0,1,1,1,50,2,1,2020
3/26/2020,100.00%,0,1,1,0,0,2,1,2020
3/27/2020,100.00%,0,1,1,0,0,2,1,2020
3/28/2020,100.00%,0,1,1,0,0,2,1,2020
3/29/2020,100.00%,0,1,1,0,0,2,1,2020
3/30/2020,100.00%,0,2,1,0,0,2,1,2020
3/31/2020,100.00%,0,1,1,0,0,2,1,2020
4/1/2020,100.00%,0,1,1,0,0,2,1,2020
4/2/2020,100.00%,0,1,1,0,0,2,1,2020
4/3/2020,100.00%,0,1,1,0,0,2,1,2020
4/4/2020,100.00%,0,1,1,0,0,2,1,2020
4/5/2020,100.00%,0,1,1,0,0,2,1,2020
4/6/2020,100.00%,0,1,1,0,0,2,1,2020
4/7/2020,100.00%,0,1,1,0,0,2,1,2020
4/8/2020,100.00%,0,1,1,0,0,2,1,2020
4/9/2020,100.00%,0,2,1,0,0,2,1,2020
4/10/2020,100.00%,0,1,1,0,0,2,1,2020
4/11/2020,100.00%,0,1,1,0,0,2,1,2020
4/12/2020,100.00%,0,1,1,0,0,2,1,2020
4/13/2020,100.00%,0,1,1,1,50,2,1,2020
4/14/2020,100.00%,0,1,1,1,50,2,1,2020
4/15/2020,100.00%,0,1,1,0,0,2,1,2020
4/16/2020,100.00%,0,1,1,1,50,2,1,2020
4/17/2020,100.00%,0,1,1,0,0,2,1,2020
4/18/2020,100.00%,0,1,1,1,50,2,1,2020
4/19/2020,100.00%,0,1,1,1,50,2,1,2020
4/20/2020,100.00%,0,1,1,0,0,2,1,2020
4/21/2020,100.00%,0,1,1,1,100,2,1,2020
4/22/2020,100.00%,0,1,1,1,100,2,1,2020
4/23/2020,100.00%,0,1,1,1,100,2,1,2020
4/24/2020,100.00%,0,1,1,1,50,2,1,2020
4/25/2020,0.00%,11,1,2,0,0,2,1,2020
4/26/2020,0.00%,32,1,1,0,0,2,1,2020
4/27/2020,0.00%,19,1,1,0,0,2,1,2020
4/28/2020,0.00%,1831,1,1,0,0,2,1,2020
4/29/2020,0.00%,1410,1,1,1,50,2,1,2020
4/30/2020,0.00%,0,0,0,1,50,2,1,2020
5/1/2020,0.00%,35,1,2,1,50,2,1,2020
5/2/2020,0.00%,1530,1,1,0,0,2,1,2020
5/3/2020,0.00%,1256,1,1,0,0,2,1,2020
5/4/2020,0.00%,1236,1,1,0,0,2,1,2020
5/5/2020,0.00%,0,1,2,0,0,2,1,2020
5/6/2020,0.00%,236,1,4,0,0,2,1,2020
5/7/2020,0.00%,0,0,0,1,50,2,1,2020
5/8/2020,0.00%,1060,1,1,0,0,2,1,2020
5/9/2020,0.00%,38,1,2,0,0,2,1,2020
5/10/2020,0.00%,1103,1,1,0,0,2,1,2020
5/11/2020,0.00%,413,1,1,0,0,2,1,2020
5/12/2020,0.00%,36,1,1,0,0,2,1,2020
5/13/2020,0.00%,26,1,2,0,0,2,1,2020
5/14/2020,0.00%,153,1,1,0,0,2,1,2020
5/15/2020,0.00%,95,1,2,0,0,2,1,2020
5/16/2020,0.00%,267,1,1,0,0,2,1,2020
5/17/2020,0.00%,64,1,1,0,0,2,1,2020
5/18/2020,0.00%,397,1,1,1,100,2,1,2020
5/19/2020,0.00%,16,1,4,1,100,2,1,2020
5/20/2020,0.00%,384,1,1,0,0,2,1,2020
5/21/2020,0.00%,0,0,0,1,100,2,1,2020
5/22/2020,100.00%,0,1,1,0,0,2,1,2020
5/23/2020,100.00%,0,1,1,0,0,2,1,2020
5/24/2020,100.00%,0,1,1,0,0,2,1,2020
5/25/2020,100.00%,0,1,1,0,0,2,1,2020
5/26/2020,100.00%,0,1,1,0,0,2,1,2020
5/27/2020,100.00%,0,1,1,0,0,2,1,2020
5/28/2020,100.00%,0,1,1,0,0,2,1,2020
5/29/2020,100.00%,0,1,1,0,0,2,1,2020
5/30/2020,100.00%,0,1,1,0,0,2,1,2020
5/31/2020,100.00%,0,1,1,0,0,2,1,2020
6/1/2020,100.00%,0,1,1,0,0,2,1,2020
6/2/2020,100.00%,0,1,1,0,0,2,1,2020
6/3/2020,100.00%,0,1,1,0,0,2,1,2020
6/4/2020,100.00%,0,1,1,0,0,2,1,2020
6/5/2020,100.00%,0,1,1,0,0,2,1,2020
6/6/2020,100.00%,0,1,1,0,0,2,1,2020
6/7/2020,100.00%,0,1,1,0,0,2,1,2020
6/8/2020,100.00%,0,1,1,0,0,2,1,2020
6/9/2020,100.00%,0,1,1,0,0,2,1,2020
6/10/2020,100.00%,0,1,1,0,0,2,1,2020
6/11/2020,100.00%,0,1,1,0,0,2,1,2020
6/12/2020,100.00%,0,1,1,0,0,2,1,2020
6/13/2020,100.00%,0,1,1,0,0,2,1,2020
6/14/2020,100.00%,0,1,1,0,0,2,1,2020
6/15/2020,100.00%,0,1,1,0,0,2,1,2020
6/16/2020,100.00%,0,1,1,0,0,2,1,2020
6/17/2020,100.00%,0,1,1,0,0,2,1,2020
6/18/2020,100.00%,0,1,1,0,0,2,1,2020
6/19/2020,100.00%,0,2,1,0,0,2,1,2020
6/20/2020,100.00%,0,1,1,1,50,2,1,2020
6/21/2020,100.00%,0,1,1,0,0,2,1,2020
6/22/2020,100.00%,0,1,1,0,0,2,1,2020
6/23/2020,100.00%,0,1,1,0,0,2,1,2020
6/24/2020,100.00%,0,1,1,0,0,2,1,2020
6/25/2020,100.00%,0,1,1,0,0,2,1,2020
6/26/2020,100.00%,0,1,1,0,0,2,1,2020
6/27/2020,100.00%,0,1,1,0,0,2,1,2020
6/28/2020,100.00%,0,1,1,0,0,2,1,2020
6/29/2020,100.00%,0,1,1,0,0,2,1,2020
6/30/2020,100.00%,0,1,1,0,0,2,1,2020
7/1/2020,100.00%,0,1,1,0,0,2,1,2020
7/2/2020,100.00%,0,1,1,0,0,2,1,2020
7/3/2020,100.00%,0,1,1,0,0,2,1,2020
7/4/2020,100.00%,0,1,1,0,0,2,1,2020
7/5/2020,100.00%,0,1,1,0,0,2,1,2020
7/6/2020,100.00%,0,1,1,0,0,2,1,2020
7/7/2020,100.00%,0,1,1,0,0,2,1,2020
7/8/2020,100.00%,0,2,1,0,0,2,1,2020
7/9/2020,100.00%,0,1,1,0,0,2,1,2020
7/10/2020,100.00%,0,1,1,0,0,2,1,2020
7/11/2020,100.00%,0,1,1,0,0,2,1,2020
7/12/2020,100.00%,0,1,1,0,0,2,1,2020
7/13/2020,100.00%,0,1,1,0,0,2,1,2020
7/14/2020,100.00%,0,1,1,0,0,2,1,2020
7/15/2020,100.00%,0,1,1,1,50,2,1,2020
7/16/2020,100.00%,0,1,1,1,50,2,1,2020
7/17/2020,100.00%,0,1,1,1,50,2,1,2020
7/18/2020,100.00%,0,1,1,1,50,2,1,2020
7/19/2020,100.00%,0,1,1,1,50,2,1,2020
7/20/2020,100.00%,0,1,1,1,50,2,1,2020
7/21/2020,100.00%,0,1,1,0,0,2,1,2020
7/22/2020,100.00%,0,1,1,1,50,2,1,2020
7/23/2020,100.00%,0,1,1,0,0,2,1,2020
7/24/2020,100.00%,0,1,1,1,50,2,1,2020
7/25/2020,100.00%,0,1,1,0,0,2,1,2020
7/26/2020,100.00%,0,1,1,0,0,2,1,2020
7/27/2020,100.00%,0,1,1,0,0,2,1,2020
7/28/2020,100.00%,0,1,1,0,0,2,1,2020
7/29/2020,100.00%,0,2,1,0,0,2,1,2020
7/30/2020,100.00%,0,1,1,0,0,2,1,2020
7/31/2020,100.00%,0,1,1,0,0,2,1,2020
8/1/2020,100.00%,0,1,1,0,0,2,1,2020
8/2/2020,100.00%,0,1,1,0,0,2,1,2020
8/3/2020,100.00%,0,1,1,0,0,2,1,2020
8/4/2020,100.00%,0,1,1,0,0,2,1,2020
8/5/2020,100.00%,0,1,1,0,0,2,1,2020
8/6/2020,100.00%,0,1,1,0,0,2,1,2020
8/7/2020,100.00%,0,1,1,0,0,2,1,2020
8/8/2020,100.00%,0,2,1,0,0,2,1,2020
8/9/2020,100.00%,0,1,1,0,0,2,1,2020
8/10/2020,100.00%,0,1,1,0,0,2,1,2020
8/11/2020,100.00%,0,1,1,0,0,2,1,2020
8/12/2020,100.00%,0,1,1,1,50,2,1,2020
8/13/2020,100.00%,0,1,1,1,50,2,1,2020
8/14/2020,100.00%,0,1,1,0,0,2,1,2020
8/15/2020,100.00%,0,1,1,1,50,2,1,2020
8/16/2020,100.00%,0,1,1,0,0,2,1,2020
8/17/2020,100.00%,0,1,1,1,50,2,1,2020
8/18/2020,100.00%,0,1,1,1,50,2,1,2020
8/19/2020,100.00%,0,1,1,0,0,2,1,2020
8/20/2020,100.00%,0,1,1,1,100,2,1,2020
8/21/2020,100.00%,0,1,1,1,100,2,1,2020
8/22/2020,100.00%,0,1,1,1,100,2,1,2020
8/23/2020,100.00%,0,1,1,1,50,2,1,2020
8/24/2020,0.00%,11,1,2,0,0,2,1,2020
8/25/2020,0.00%,32,1,1,0,0,2,1,2020
8/26/2020,0.00%,19,1,1,0,0,2,1,2020
8/27/2020,0.00%,1831,1,1,0,0,2,1,2020
8/28/2020,0.00%,1410,1,1,1,50,2,1,2020
8/29/2020,0.00%,0,0,0,1,50,2,1,2020
8/30/2020,0.00%,35,1,2,1,50,2,1,2020
8/31/2020,0.00%,1530,1,1,0,0,2,1,2020
9/1/2020,0.00%,1256,1,1,0,0,2,1,2020
9/2/2020,0.00%,1236,1,1,0,0,2,1,2020
9/3/2020,0.00%,0,1,2,0,0,2,1,2020
9/4/2020,0.00%,236,1,4,0,0,2,1,2020
9/5/2020,0.00%,0,0,0,1,50,2,1,2020
9/6/2020,0.00%,1060,1,1,0,0,2,1,2020
9/7/2020,0.00%,38,1,2,0,0,2,1,2020
9/8/2020,0.00%,1103,1,1,0,0,2,1,2020
9/9/2020,0.00%,413,1,1,0,0,2,1,2020
9/10/2020,0.00%,36,1,1,0,0,2,1,2020
9/11/2020,0.00%,26,1,2,0,0,2,1,2020
9/12/2020,0.00%,153,1,1,0,0,2,1,2020
9/13/2020,0.00%,95,1,2,0,0,2,1,2020
9/14/2020,0.00%,267,1,1,0,0,2,1,2020
9/15/2020,0.00%,64,1,1,0,0,2,1,2020
9/16/2020,0.00%,397,1,1,1,100,2,1,2020
9/17/2020,0.00%,16,1,4,1,100,2,1,2020
9/18/2020,0.00%,384,1,1,0,0,2,1,2020
9/19/2020,0.00%,0,0,0,1,100,2,1,2020
9/20/2020,100.00%,0,1,1,0,0,2,1,2020
9/21/2020,100.00%,0,1,1,0,0,2,1,2020
9/22/2020,100.00%,0,1,1,0,0,2,1,2020
9/23/2020,100.00%,0,1,1,0,0,2,1,2020
9/24/2020,100.00%,0,1,1,0,0,2,1,2020
9/25/2020,100.00%,0,1,1,0,0,2,1,2020
9/26/2020,100.00%,0,1,1,0,0,2,1,2020
9/27/2020,100.00%,0,1,1,0,0,2,1,2020
9/28/2020,100.00%,0,1,1,0,0,2,1,2020
9/29/2020,100.00%,0,1,1,0,0,2,1,2020
9/30/2020,100.00%,0,1,1,0,0,2,1,2020
10/1/2020,100.00%,0,1,1,0,0,2,1,2020
10/2/2020,100.00%,0,1,1,0,0,2,1,2020
10/3/2020,100.00%,0,1,1,0,0,2,1,2020
10/4/2020,100.00%,0,1,1,0,0,2,1,2020
10/5/2020,100.00%,0,1,1,0,0,2,1,2020
10/6/2020,100.00%,0,1,1,0,0,2,1,2020
10/7/2020,100.00%,0,1,1,0,0,2,1,2020
10/8/2020,100.00%,0,1,1,0,0,2,1,2020
10/9/2020,100.00%,0,1,1,0,0,2,1,2020
10/10/2020,100.00%,0,1,1,0,0,2,1,2020
10/11/2020,100.00%,0,1,1,0,0,2,1,2020
10/12/2020,100.00%,0,1,1,0,0,2,1,2020
10/13/2020,100.00%,0,1,1,0,0,2,1,2020
10/14/2020,100.00%,0,1,1,0,0,2,1,2020
10/15/2020,100.00%,0,1,1,0,0,2,1,2020
10/16/2020,100.00%,0,1,1,0,0,2,1,2020
10/17/2020,100.00%,0,1,1,0,0,2,1,2020
10/18/2020,100.00%,0,2,1,0,0,2,1,2020
10/19/2020,100.00%,0,1,1,1,50,2,1,2020
10/20/2020,100.00%,0,1,1,0,0,2,1,2020
10/21/2020,100.00%,0,1,1,0,0,2,1,2020
10/22/2020,100.00%,0,1,1,0,0,2,1,2020
10/23/2020,100.00%,0,1,1,0,0,2,1,2020
10/24/2020,100.00%,0,1,1,0,0,2,1,2020
10/25/2020,100.00%,0,1,1,0,0,2,1,2020
10/26/2020,100.00%,0,1,1,0,0,2,1,2020
10/27/2020,100.00%,0,1,1,0,0,2,1,2020
10/28/2020,100.00%,0,1,1,0,0,2,1,2020
10/29/2020,100.00%,0,1,1,0,0,2,1,2020
10/30/2020,100.00%,0,1,1,0,0,2,1,2020
10/31/2020,100.00%,0,1,1,0,0,2,1,2020
11/1/2020,100.00%,0,1,1,0,0,2,1,2020
11/2/2020,100.00%,0,1,1,0,0,2,1,2020
11/3/2020,100.00%,0,1,1,0,0,2,1,2020
11/4/2020,100.00%,0,1,1,0,0,2,1,2020
11/5/2020,100.00%,0,1,1,0,0,2,1,2020
11/6/2020,100.00%,0,2,1,0,0,2,1,2020
11/7/2020,100.00%,0,1,1,0,0,2,1,2020
11/8/2020,100.00%,0,1,1,0,0,2,1,2020
11/9/2020,100.00%,0,1,1,0,0,2,1,2020
11/10/2020,100.00%,0,1,1,0,0,2,1,2020
11/11/2020,100.00%,0,1,1,0,0,2,1,2020
11/12/2020,100.00%,0,1,1,0,0,2,1,2020
11/13/2020,100.00%,0,1,1,1,50,2,1,2020
11/14/2020,100.00%,0,1,1,1,50,2,1,2020
11/15/2020,100.00%,0,1,1,1,50,2,1,2020
11/16/2020,100.00%,0,1,1,1,50,2,1,2020
11/17/2020,100.00%,0,1,1,1,50,2,1,2020
11/18/2020,100.00%,0,1,1,1,50,2,1,2020
11/19/2020,100.00%,0,1,1,0,0,2,1,2020
11/20/2020,100.00%,0,1,1,1,50,2,1,2020
11/21/2020,100.00%,0,1,1,0,0,2,1,2020
11/22/2020,100.00%,0,1,1,1,50,2,1,2020
11/23/2020,100.00%,0,1,1,0,0,2,1,2020
11/24/2020,100.00%,0,1,1,0,0,2,1,2020
11/25/2020,100.00%,0,1,1,0,0,2,1,2020
11/26/2020,100.00%,0,1,1,0,0,2,1,2020
11/27/2020,100.00%,0,2,1,0,0,2,1,2020
11/28/2020,100.00%,0,1,1,0,0,2,1,2020
11/29/2020,100.00%,0,1,1,0,0,2,1,2020
11/30/2020,100.00%,0,1,1,0,0,2,1,2020
12/1/2020,100.00%,0,1,1,0,0,2,1,2020
12/2/2020,100.00%,0,1,1,0,0,2,1,2020
12/3/2020,100.00%,0,1,1,0,0,2,1,2020
12/4/2020,100.00%,0,1,1,0,0,2,1,2020
12/5/2020,100.00%,0,1,1,0,0,2,1,2020
12/6/2020,100.00%,0,1,1,0,0,2,1,2020
12/7/2020,100.00%,0,2,1,0,0,2,1,2020
12/8/2020,100.00%,0,1,1,0,0,2,1,2020
12/9/2020,100.00%,0,1,1,0,0,2,1,2020
12/10/2020,100.00%,0,1,1,0,0,2,1,2020
12/11/2020,100.00%,0,1,1,1,50,2,1,2020
12/12/2020,100.00%,0,1,1,1,50,2,1,2020
12/13/2020,100.00%,0,1,1,0,0,2,1,2020
12/14/2020,100.00%,0,1,1,1,50,2,1,2020
12/15/2020,100.00%,0,1,1,0,0,2,1,2020
12/16/2020,100.00%,0,1,1,1,50,2,1,2020
12/17/2020,100.00%,0,1,1,1,50,2,1,2020
12/18/2020,100.00%,0,1,1,0,0,2,1,2020
12/19/2020,100.00%,0,1,1,1,100,2,1,2020
12/20/2020,100.00%,0,1,1,1,100,2,1,2020
12/21/2020,100.00%,0,1,1,1,100,2,1,2020
12/22/2020,100.00%,0,1,1,1,50,2,1,2020
12/23/2020,0.00%,11,1,2,0,0,2,1,2020
12/24/2020,0.00%,32,1,1,0,0,2,1,2020
12/25/2020,0.00%,19,1,1,0,0,2,1,2020
12/26/2020,0.00%,1831,1,1,0,0,2,1,2020
12/27/2020,0.00%,1410,1,1,1,50,2,1,2020
12/28/2020,0.00%,0,0,0,1,50,2,1,2020
12/29/2020,0.00%,35,1,2,1,50,2,1,2020
12/30/2020,0.00%,1530,1,1,0,0,2,1,2020
12/31/2020,0.00%,1256,1,1,0,0,2,1,2020
1/1/2021,0.00%,1236,1,1,0,0,2,1,2020
1/2/2021,0.00%,0,1,2,0,0,2,1,2020
1/3/2021,0.00%,236,1,4,0,0,2,1,2020
1/4/2021,0.00%,0,0,0,1,50,2,1,2020
1/5/2021,0.00%,1060,1,1,0,0,2,1,2020
1/6/2021,0.00%,38,1,2,0,0,2,1,2020
1/7/2021,0.00%,1103,1,1,0,0,2,1,2020
1/8/2021,0.00%,413,1,1,0,0,2,1,2020
1/9/2021,0.00%,36,1,1,0,0,2,1,2020
1/10/2021,0.00%,26,1,2,0,0,2,1,2020
1/11/2021,0.00%,153,1,1,0,0,2,1,2020
1/12/2021,0.00%,95,1,2,0,0,2,1,2020
1/13/2021,0.00%,267,1,1,0,0,2,1,2020
1/14/2021,0.00%,64,1,1,0,0,2,1,2020
1/15/2021,0.00%,397,1,1,1,100,2,1,2020
1/16/2021,0.00%,16,1,4,1,100,2,1,2020
1/17/2021,0.00%,384,1,1,0,0,2,1,2020
1/18/2021,0.00%,0,0,0,1,100,2,1,2020