Country,date,cases
Brazil,1/23/20,0
Brazil,1/24/20,0
Brazil,1/25/20,0
Brazil,1/26/20,0
Brazil,1/27/20,0
Brazil,1/28/20,0
Brazil,1/29/20,0
Brazil,1/30/20,0
Brazil,1/31/20,0
Brazil,2/1/20,0
Brazil,2/2/20,0
Brazil,2/3/20,0
Brazil,2/4/20,0
Brazil,2/5/20,0
Brazil,2/6/20,0
Brazil,2/7/20,0
Brazil,2/8/20,0
Brazil,2/9/20,0
Brazil,2/10/20,0
Brazil,2/11/20,0
Brazil,2/12/20,0
Brazil,2/13/20,0
Brazil,2/14/20,0
Brazil,2/15/20,0
Brazil,2/16/20,0
Brazil,2/17/20,0
Brazil,2/18/20,0
Brazil,2/19/20,0
Brazil,2/20/20,0
Brazil,2/21/20,0
Brazil,2/22/20,0
Brazil,2/23/20,0
Brazil,2/24/20,0
Brazil,2/25/20,0
Brazil,2/26/20,1
Brazil,2/27/20,0
Brazil,2/28/20,0
Brazil,2/29/20,1
Brazil,3/1/20,0
Brazil,3/2/20,0
Brazil,3/3/20,0
Brazil,3/4/20,2
Brazil,3/5/20,0
Brazil,3/6/20,9
Brazil,3/7/20,0
Brazil,3/8/20,7
Brazil,3/9/20,5
Brazil,3/10/20,6
Brazil,3/11/20,7
Brazil,3/12/20,14
Brazil,3/13/20,99
Brazil,3/14/20,0
Brazil,3/15/20,11
Brazil,3/16/20,38
Brazil,3/17/20,121
Brazil,3/18/20,51
Brazil,3/19/20,249
Brazil,3/20/20,172
Brazil,3/21/20,228
Brazil,3/22/20,525
Brazil,3/23/20,378
Brazil,3/24/20,323
Brazil,3/25/20,307
Brazil,3/26/20,431
Brazil,3/27/20,432
Brazil,3/28/20,487
Brazil,3/29/20,352
Brazil,3/30/20,323
Brazil,3/31/20,1138
Brazil,4/1/20,1119
Brazil,4/2/20,1208
Brazil,4/3/20,1012
Brazil,4/4/20,1304
Brazil,4/5/20,770
Brazil,4/6/20,1031
Brazil,4/7/20,1873
Brazil,4/8/20,2136
Brazil,4/9/20,1922
Brazil,4/10/20,1546
Brazil,4/11/20,1089
Brazil,4/12/20,1465
Brazil,4/13/20,1238
Brazil,4/14/20,1832
Brazil,4/15/20,3058
Brazil,4/16/20,2105
Brazil,4/17/20,3257
Brazil,4/18/20,2976
Brazil,4/19/20,1996
Brazil,4/20/20,2089
Brazil,4/21/20,2336
Brazil,4/22/20,2678
Brazil,4/23/20,4279
Brazil,4/24/20,4007
Brazil,4/25/20,5281
Brazil,4/26/20,3776
Brazil,4/27/20,4346
Brazil,4/28/20,5789
Brazil,4/29/20,6450
Brazil,4/30/20,7502
Brazil,5/1/20,5015
Brazil,5/2/20,4898
Brazil,5/3/20,4726
Brazil,5/4/20,6794
Brazil,5/5/20,6835
Brazil,5/6/20,11156
Brazil,5/7/20,9162
Brazil,5/8/20,11121
Brazil,5/9/20,9167
Brazil,5/10/20,6638
Brazil,5/11/20,6895
Brazil,5/12/20,8620
Brazil,5/13/20,11923
Brazil,5/14/20,13028
Brazil,5/15/20,17126
Brazil,5/16/20,13220
Brazil,5/17/20,7569
Brazil,5/18/20,14288
Brazil,5/19/20,16517
Brazil,5/20/20,19694
Brazil,5/21/20,18508
Brazil,5/22/20,20803
Brazil,5/23/20,16508
Brazil,5/24/20,15813
Brazil,5/25/20,11687
Brazil,5/26/20,16324
Brazil,5/27/20,20599
Brazil,5/28/20,26417
Brazil,5/29/20,26928
Brazil,5/30/20,33274
Brazil,5/31/20,16409
Brazil,6/1/20,11598
Brazil,6/2/20,28936
Brazil,6/3/20,28633
Brazil,6/4/20,30925
Brazil,6/5/20,30830
Brazil,6/6/20,27075
Brazil,6/7/20,18912
Brazil,6/8/20,15654
Brazil,6/9/20,32091
Brazil,6/10/20,32913
Brazil,6/11/20,30412
Brazil,6/12/20,25982
Brazil,6/13/20,21704
Brazil,6/14/20,17110
Brazil,6/15/20,20647
Brazil,6/16/20,34918
Brazil,6/17/20,32188
Brazil,6/18/20,22765
Brazil,6/19/20,54771
Brazil,6/20/20,34666
Brazil,6/21/20,15762
Brazil,6/22/20,23129
Brazil,6/23/20,39436
Brazil,6/24/20,42725
Brazil,6/25/20,39483
Brazil,6/26/20,46860
Brazil,6/27/20,38693
Brazil,6/28/20,30476
Brazil,6/29/20,24052
Brazil,6/30/20,33846
Brazil,7/1/20,46712
Brazil,7/2/20,48105
Brazil,7/3/20,42223
Brazil,7/4/20,37923
Brazil,7/5/20,26051
Brazil,7/6/20,20229
Brazil,7/7/20,45305
Brazil,7/8/20,44571
Brazil,7/9/20,42619
Brazil,7/10/20,45048
Brazil,7/11/20,39023
Brazil,7/12/20,24831
Brazil,7/13/20,20286
Brazil,7/14/20,41857
Brazil,7/15/20,39924
Brazil,7/16/20,45403
Brazil,7/17/20,34177
Brazil,7/18/20,28532
Brazil,7/19/20,23529
Brazil,7/20/20,20257
Brazil,7/21/20,41008
Brazil,7/22/20,67860
Brazil,7/23/20,59961
Brazil,7/24/20,55891
Brazil,7/25/20,51147
Brazil,7/26/20,24578
Brazil,7/27/20,23284
Brazil,7/28/20,40816
Brazil,7/29/20,69074
Brazil,7/30/20,57837
Brazil,7/31/20,52383
Brazil,8/1/20,45392
Brazil,8/2/20,25800
Brazil,8/3/20,16641
Brazil,8/4/20,51603
Brazil,8/5/20,57152
Brazil,8/6/20,53139
Brazil,8/7/20,50230
Brazil,8/8/20,49970
Brazil,8/9/20,23010
Brazil,8/10/20,22048
Brazil,8/11/20,52160
Brazil,8/12/20,55155
Brazil,8/13/20,60091
Brazil,8/14/20,50644
Brazil,8/15/20,41576
Brazil,8/16/20,23101
Brazil,8/17/20,19373
Brazil,8/18/20,47784
Brazil,8/19/20,49298
Brazil,8/20/20,45323
Brazil,8/21/20,30355
Brazil,8/22/20,50032
Brazil,8/23/20,23421
Brazil,8/24/20,17078
Brazil,8/25/20,47134
Brazil,8/26/20,47161
Brazil,8/27/20,44235
Brazil,8/28/20,43412
Brazil,8/29/20,41350
Brazil,8/30/20,16158
Brazil,8/31/20,45961
Brazil,9/1/20,42659
Brazil,9/2/20,46934
Brazil,9/3/20,43773
Brazil,9/4/20,50163
Brazil,9/5/20,31199
Brazil,9/6/20,14521
Brazil,9/7/20,10273
Brazil,9/8/20,14279
Brazil,9/9/20,35816
Brazil,9/10/20,40557
Brazil,9/11/20,43718
Brazil,9/12/20,33523
Brazil,9/13/20,14768
Brazil,9/14/20,15155
Brazil,9/15/20,36653
Brazil,9/16/20,36820
Brazil,9/17/20,36303
Brazil,9/18/20,39797
Brazil,9/19/20,33057
Brazil,9/20/20,16389
Brazil,9/21/20,13411
Brazil,9/22/20,33324
Brazil,9/23/20,0
Brazil,9/24/20,66338
Brazil,9/25/20,31911
Brazil,9/26/20,28378
Brazil,9/27/20,14318
Brazil,9/28/20,13155
Brazil,9/29/20,32058
Brazil,9/30/20,33413
Brazil,10/1/20,36157
Brazil,10/2/20,0
Brazil,10/3/20,59741
Brazil,10/4/20,8456
Brazil,10/5/20,11946
Brazil,10/6/20,41906
Brazil,10/7/20,31553
Brazil,10/8/20,27750
Brazil,10/9/20,27444
Brazil,10/10/20,26749
Brazil,10/11/20,12342
Brazil,10/12/20,8429
Brazil,10/13/20,10220
Brazil,10/14/20,27235
Brazil,10/15/20,28523
Brazil,10/16/20,30914
Brazil,10/17/20,24062
Brazil,10/18/20,0
Brazil,10/19/20,26365
Brazil,10/20/20,23227
Brazil,10/21/20,24818
Brazil,10/22/20,24858
Brazil,10/23/20,30026
Brazil,10/24/20,26979
Brazil,10/25/20,13493
Brazil,10/26/20,15726
Brazil,10/27/20,29787
Brazil,10/28/20,28629
Brazil,10/29/20,26106
Brazil,10/30/20,22282
Brazil,10/31/20,18947
Brazil,11/1/20,10100
Brazil,11/2/20,8501
Brazil,11/3/20,11843
Brazil,11/4/20,23976
Brazil,11/5/20,0
Brazil,11/6/20,41156
Brazil,11/7/20,22380
Brazil,11/8/20,10554
Brazil,11/9/20,10917
Brazil,11/10/20,23973
Brazil,11/11/20,48655
Brazil,11/12/20,33922
Brazil,11/13/20,29070
Brazil,11/14/20,38307
Brazil,11/15/20,14134
Brazil,11/16/20,13371
Brazil,11/17/20,35294
Brazil,11/18/20,34091
Brazil,11/19/20,35918
Brazil,11/20/20,38397
Brazil,11/21/20,32622
Brazil,11/22/20,18615
Brazil,11/23/20,16207
Brazil,11/24/20,31100
Brazil,11/25/20,47898
Brazil,11/26/20,37614
Brazil,11/27/20,34130
Brazil,11/28/20,51922
Brazil,11/29/20,24468
Brazil,11/30/20,21138
Brazil,12/1/20,50909
Brazil,12/2/20,49863
Brazil,12/3/20,50434
Brazil,12/4/20,46884
Brazil,12/5/20,43209
Brazil,12/6/20,26363
Brazil,12/7/20,20371
Brazil,12/8/20,51088
Brazil,12/9/20,53453
Brazil,12/10/20,53347
Brazil,12/11/20,54428
Brazil,12/12/20,43900
Brazil,12/13/20,21825
Brazil,12/14/20,25193
Brazil,12/15/20,42889
Brazil,12/16/20,70574
Brazil,12/17/20,69826
Brazil,12/18/20,52544
Brazil,12/19/20,50177
Brazil,12/20/20,25445
Brazil,12/21/20,25019
Brazil,12/22/20,55202
Brazil,12/23/20,46696
Brazil,12/24/20,58428
Brazil,12/25/20,24615
Brazil,12/26/20,17246
Brazil,12/27/20,18479
Brazil,12/28/20,20548
Brazil,12/29/20,58718
Brazil,12/30/20,55649
Brazil,12/31/20,56773
Brazil,1/1/21,24605
Brazil,1/2/21,15827
Brazil,1/3/21,17341
Brazil,1/4/21,20006
Brazil,1/5/21,56648
Brazil,1/6/21,63430
Brazil,1/7/21,87843
Brazil,1/8/21,52035
Brazil,1/9/21,62290
Brazil,1/10/21,29792
Brazil,1/11/21,25822
Brazil,1/12/21,64025
Brazil,1/13/21,60899
Brazil,1/14/21,67758
Brazil,1/15/21,69198
Brazil,1/16/21,61567
Brazil,1/17/21,33040
Brazil,1/18/21,23671
Brazil,1/19/21,62094
Brazil,1/20/21,64385
Brazil,1/21/21,59119
Brazil,1/22/21,56552
Brazil,1/23/21,62334
Brazil,1/24/21,28323
Brazil,1/25/21,26816
Brazil,1/26/21,61963
Brazil,1/27/21,63520
Brazil,1/28/21,61811
Brazil,1/29/21,59826
Brazil,1/30/21,58462
Brazil,1/31/21,27756
Brazil,2/1/21,24591
Brazil,2/2/21,54096
Brazil,2/3/21,56002
Brazil,2/4/21,56873
Brazil,2/5/21,50872
Brazil,2/6/21,0
Brazil,2/7/21,77475
Brazil,2/8/21,0
Brazil,2/9/21,74925
Brazil,2/10/21,59602
Brazil,2/11/21,54742
Brazil,2/12/21,51546
Brazil,2/13/21,44299
Brazil,2/14/21,24759
Brazil,2/15/21,32197
Brazil,2/16/21,55271
Brazil,2/17/21,56766
Brazil,2/18/21,51879
Brazil,2/19/21,53582
Brazil,2/20/21,54940
Brazil,2/21/21,29026
Brazil,2/22/21,26986
Brazil,2/23/21,62715
Brazil,2/24/21,66588
Brazil,2/25/21,65998
Brazil,2/26/21,65169
Brazil,2/27/21,61602
Brazil,2/28/21,34027
Brazil,3/1/21,35742
Brazil,3/2/21,59925
Brazil,3/3/21,71704
Brazil,3/4/21,75102
Brazil,3/5/21,75495
Brazil,3/6/21,69609
Brazil,3/7/21,80508
Brazil,3/8/21,32321
Brazil,3/9/21,70764
Brazil,3/10/21,79876
Brazil,3/11/21,75412
Brazil,3/12/21,85663
Brazil,3/13/21,76178
Brazil,3/14/21,43812
Brazil,3/15/21,36239
Brazil,3/16/21,83926
Brazil,3/17/21,90303
Brazil,3/18/21,86982
Brazil,3/19/21,90570
Brazil,3/20/21,79069
Brazil,3/21/21,47774
Brazil,3/22/21,49293
Brazil,3/23/21,82493
Brazil,3/24/21,89992
Brazil,3/25/21,100158
Brazil,3/26/21,84245
Brazil,3/27/21,85948
Brazil,3/28/21,44326
Brazil,3/29/21,38927
Brazil,3/30/21,84494
Brazil,3/31/21,90638
Brazil,4/1/21,91097
Brazil,4/2/21,70238
Brazil,4/3/21,43515
Brazil,4/4/21,31359
Brazil,4/5/21,28645
Brazil,4/6/21,86979
Brazil,4/7/21,92625
Brazil,4/8/21,86652
Brazil,4/9/21,93317
Brazil,4/10/21,71832
Brazil,4/11/21,37017
Brazil,4/12/21,35785
Brazil,4/13/21,82186
Brazil,4/14/21,73513
Brazil,4/15/21,73174
Brazil,4/16/21,85774
Brazil,4/17/21,67636
Brazil,4/18/21,42980
Brazil,4/19/21,30624
Brazil,4/20/21,69381
Brazil,4/21/21,79719
Brazil,4/22/21,45178
Brazil,4/23/21,69105
Brazil,4/24/21,71137
Brazil,4/25/21,32572
Brazil,4/26/21,28636
Brazil,4/27/21,72140
Brazil,4/28/21,79726
Brazil,4/29/21,69389
Brazil,4/30/21,68333
Brazil,5/1/21,66964
Brazil,5/2/21,28935
Brazil,5/3/21,24619
Brazil,5/4/21,77359
Brazil,5/5/21,73295
Brazil,5/6/21,73380
Brazil,5/7/21,78886
Brazil,5/8/21,63430
Brazil,5/9/21,38911
Brazil,5/10/21,25200
Brazil,5/11/21,72715
Brazil,5/12/21,76692
Brazil,5/13/21,74592
Brazil,5/14/21,85536
Brazil,5/15/21,67009
Brazil,5/16/21,40709
Brazil,5/17/21,30148
Brazil,5/18/21,75445
Brazil,5/19/21,79219
Brazil,5/20/21,82039
Brazil,5/21/21,76855
Brazil,5/22/21,76490
Brazil,5/23/21,35819
Brazil,5/24/21,37498
Brazil,5/25/21,73453
Brazil,5/26/21,80486
Brazil,5/27/21,67467
Brazil,5/28/21,49768
Brazil,5/29/21,79670
Brazil,5/30/21,43520
Brazil,5/31/21,30434
Brazil,6/1/21,78926
Brazil,6/2/21,95601
Brazil,6/3/21,83391
Brazil,6/4/21,37936
Brazil,6/5/21,66017
Brazil,6/6/21,39637
Brazil,6/7/21,37156
Brazil,6/8/21,52911
Brazil,6/9/21,85748
Brazil,6/10/21,88092
Brazil,6/11/21,85149
Brazil,6/12/21,78700
Brazil,6/13/21,37948
Brazil,6/14/21,39846
Brazil,6/15/21,80609
Brazil,6/16/21,95367
Brazil,6/17/21,74042
Brazil,6/18/21,98832
Brazil,6/19/21,82288
Brazil,6/20/21,44178
Brazil,6/21/21,38903
Brazil,6/22/21,87822
Brazil,6/23/21,115228
Brazil,6/24/21,73602
Brazil,6/25/21,79277
Brazil,6/26/21,64134
Brazil,6/27/21,33704
Brazil,6/28/21,27804
Brazil,6/29/21,64903
Brazil,6/30/21,43836
Brazil,7/1/21,65163
Brazil,7/2/21,65165
Brazil,7/3/21,54556
Brazil,7/4/21,27783
Brazil,7/5/21,22703
Brazil,7/6/21,62504
Brazil,7/7/21,54022
Brazil,7/8/21,53725
Brazil,7/9/21,57737
Brazil,7/10/21,48504
Brazil,7/11/21,20937
Brazil,7/12/21,17031
Brazil,7/13/21,45022
Brazil,7/14/21,57736
Brazil,7/15/21,52789
Brazil,7/16/21,45591
Brazil,7/17/21,34339
Brazil,7/18/21,34126
Brazil,7/19/21,15271
Brazil,7/20/21,27592
Brazil,7/21/21,54517
Brazil,7/22/21,49757
Brazil,7/23/21,108732
Brazil,7/24/21,38091
Brazil,7/25/21,18129
Brazil,7/26/21,18999
Brazil,7/27/21,41411
Brazil,7/28/21,48013
Brazil,7/29/21,42283
Brazil,7/30/21,40904
Brazil,7/31/21,37582
Brazil,8/1/21,20503
Brazil,8/2/21,15143
Brazil,8/3/21,32316
Brazil,8/4/21,40716
Brazil,8/5/21,40054
Brazil,8/6/21,42159
Brazil,8/7/21,43033
Brazil,8/8/21,13893
Brazil,8/9/21,12085
Brazil,8/10/21,34885
Brazil,8/11/21,32443
Brazil,8/12/21,39982
Brazil,8/13/21,33933
Brazil,8/14/21,31142
Brazil,8/15/21,13957
Brazil,8/16/21,14471
Brazil,8/17/21,37613
Brazil,8/18/21,41714
Brazil,8/19/21,36315
Brazil,8/20/21,33887
Brazil,8/21/21,28388
Brazil,8/22/21,14404
Brazil,8/23/21,13103
Brazil,8/24/21,30872
Brazil,8/25/21,30671
Brazil,8/26/21,31024
Brazil,8/27/21,27345
Brazil,8/28/21,24699
Brazil,8/29/21,13210
Brazil,8/30/21,10466
India,1/23/20,0
India,1/24/20,0
India,1/25/20,0
India,1/26/20,0
India,1/27/20,0
India,1/28/20,0
India,1/29/20,0
India,1/30/20,1
India,1/31/20,0
India,2/1/20,0
India,2/2/20,1
India,2/3/20,1
India,2/4/20,0
India,2/5/20,0
India,2/6/20,0
India,2/7/20,0
India,2/8/20,0
India,2/9/20,0
India,2/10/20,0
India,2/11/20,0
India,2/12/20,0
India,2/13/20,0
India,2/14/20,0
India,2/15/20,0
India,2/16/20,0
India,2/17/20,0
India,2/18/20,0
India,2/19/20,0
India,2/20/20,0
India,2/21/20,0
India,2/22/20,0
India,2/23/20,0
India,2/24/20,0
India,2/25/20,0
India,2/26/20,0
India,2/27/20,0
India,2/28/20,0
India,2/29/20,0
India,3/1/20,0
India,3/2/20,2
India,3/3/20,0
India,3/4/20,23
India,3/5/20,2
India,3/6/20,1
India,3/7/20,3
India,3/8/20,5
India,3/9/20,4
India,3/10/20,13
India,3/11/20,6
India,3/12/20,11
India,3/13/20,9
India,3/14/20,20
India,3/15/20,11
India,3/16/20,6
India,3/17/20,23
India,3/18/20,14
India,3/19/20,38
India,3/20/20,50
India,3/21/20,86
India,3/22/20,66
India,3/23/20,103
India,3/24/20,37
India,3/25/20,121
India,3/26/20,70
India,3/27/20,160
India,3/28/20,100
India,3/29/20,37
India,3/30/20,227
India,3/31/20,146
India,4/1/20,601
India,4/2/20,545
India,4/3/20,24
India,4/4/20,515
India,4/5/20,506
India,4/6/20,1190
India,4/7/20,533
India,4/8/20,605
India,4/9/20,809
India,4/10/20,873
India,4/11/20,848
India,4/12/20,759
India,4/13/20,1248
India,4/14/20,1034
India,4/15/20,835
India,4/16/20,1108
India,4/17/20,922
India,4/18/20,1370
India,4/19/20,1893
India,4/20/20,924
India,4/21/20,1541
India,4/22/20,1290
India,4/23/20,1707
India,4/24/20,1453
India,4/25/20,1753
India,4/26/20,1607
India,4/27/20,1561
India,4/28/20,1873
India,4/29/20,1738
India,4/30/20,1801
India,5/1/20,2394
India,5/2/20,2442
India,5/3/20,2806
India,5/4/20,3932
India,5/5/20,2963
India,5/6/20,3587
India,5/7/20,3364
India,5/8/20,3344
India,5/9/20,3113
India,5/10/20,4353
India,5/11/20,3607
India,5/12/20,3524
India,5/13/20,3763
India,5/14/20,3942
India,5/15/20,3787
India,5/16/20,4864
India,5/17/20,5050
India,5/18/20,4630
India,5/19/20,6147
India,5/20/20,5553
India,5/21/20,6198
India,5/22/20,6568
India,5/23/20,6629
India,5/24/20,7113
India,5/25/20,6414
India,5/26/20,5843
India,5/27/20,7293
India,5/28/20,7300
India,5/29/20,8105
India,5/30/20,8336
India,5/31/20,8782
India,6/1/20,7761
India,6/2/20,8821
India,6/3/20,9633
India,6/4/20,9889
India,6/5/20,9471
India,6/6/20,10438
India,6/7/20,10864
India,6/8/20,8442
India,6/9/20,10218
India,6/10/20,10459
India,6/11/20,10930
India,6/12/20,11458
India,6/13/20,11929
India,6/14/20,11502
India,6/15/20,10667
India,6/16/20,10974
India,6/17/20,12881
India,6/18/20,13586
India,6/19/20,14516
India,6/20/20,15403
India,6/21/20,14831
India,6/22/20,14933
India,6/23/20,15968
India,6/24/20,16922
India,6/25/20,17296
India,6/26/20,18552
India,6/27/20,19906
India,6/28/20,19459
India,6/29/20,18522
India,6/30/20,18641
India,7/1/20,19160
India,7/2/20,20903
India,7/3/20,22771
India,7/4/20,24850
India,7/5/20,24248
India,7/6/20,22251
India,7/7/20,22753
India,7/8/20,24879
India,7/9/20,26506
India,7/10/20,27114
India,7/11/20,28606
India,7/12/20,28732
India,7/13/20,28498
India,7/14/20,29429
India,7/15/20,32676
India,7/16/20,34975
India,7/17/20,35252
India,7/18/20,38697
India,7/19/20,40425
India,7/20/20,37132
India,7/21/20,37740
India,7/22/20,45720
India,7/23/20,49310
India,7/24/20,48916
India,7/25/20,48611
India,7/26/20,49981
India,7/27/20,44457
India,7/28/20,51596
India,7/29/20,50294
India,7/30/20,52783
India,7/31/20,61242
India,8/1/20,54735
India,8/2/20,52972
India,8/3/20,52050
India,8/4/20,52509
India,8/5/20,56282
India,8/6/20,62538
India,8/7/20,61537
India,8/8/20,64399
India,8/9/20,62064
India,8/10/20,53601
India,8/11/20,60963
India,8/12/20,66999
India,8/13/20,64553
India,8/14/20,64732
India,8/15/20,64030
India,8/16/20,57711
India,8/17/20,55018
India,8/18/20,64572
India,8/19/20,69672
India,8/20/20,68900
India,8/21/20,69876
India,8/22/20,69239
India,8/23/20,61408
India,8/24/20,60975
India,8/25/20,57224
India,8/26/20,85687
India,8/27/20,77266
India,8/28/20,76472
India,8/29/20,78761
India,8/30/20,78512
India,8/31/20,69921
India,9/1/20,78357
India,9/2/20,83883
India,9/3/20,83341
India,9/4/20,86432
India,9/5/20,90632
India,9/6/20,90802
India,9/7/20,75809
India,9/8/20,89706
India,9/9/20,95735
India,9/10/20,96551
India,9/11/20,97570
India,9/12/20,94372
India,9/13/20,92071
India,9/14/20,83809
India,9/15/20,90123
India,9/16/20,97894
India,9/17/20,96424
India,9/18/20,93337
India,9/19/20,92605
India,9/20/20,86961
India,9/21/20,75083
India,9/22/20,83347
India,9/23/20,86508
India,9/24/20,86052
India,9/25/20,85362
India,9/26/20,88600
India,9/27/20,82170
India,9/28/20,70589
India,9/29/20,80472
India,9/30/20,86821
India,10/1/20,81484
India,10/2/20,79476
India,10/3/20,75829
India,10/4/20,74442
India,10/5/20,61267
India,10/6/20,72049
India,10/7/20,78524
India,10/8/20,70496
India,10/9/20,73272
India,10/10/20,74383
India,10/11/20,66732
India,10/12/20,55342
India,10/13/20,63509
India,10/14/20,67708
India,10/15/20,63371
India,10/16/20,62212
India,10/17/20,61871
India,10/18/20,55722
India,10/19/20,46790
India,10/20/20,54044
India,10/21/20,55839
India,10/22/20,54366
India,10/23/20,53370
India,10/24/20,50129
India,10/25/20,45148
India,10/26/20,36470
India,10/27/20,43893
India,10/28/20,49881
India,10/29/20,48648
India,10/30/20,48268
India,10/31/20,46963
India,11/1/20,45231
India,11/2/20,38310
India,11/3/20,46253
India,11/4/20,50210
India,11/5/20,47638
India,11/6/20,50356
India,11/7/20,45674
India,11/8/20,45903
India,11/9/20,38073
India,11/10/20,44281
India,11/11/20,47905
India,11/12/20,44879
India,11/13/20,44684
India,11/14/20,41100
India,11/15/20,30548
India,11/16/20,29163
India,11/17/20,38617
India,11/18/20,45576
India,11/19/20,45882
India,11/20/20,46232
India,11/21/20,45209
India,11/22/20,44059
India,11/23/20,37975
India,11/24/20,44376
India,11/25/20,44489
India,11/26/20,43082
India,11/27/20,41322
India,11/28/20,41810
India,11/29/20,38772
India,11/30/20,31118
India,12/1/20,36604
India,12/2/20,35551
India,12/3/20,36595
India,12/4/20,36652
India,12/5/20,36011
India,12/6/20,32981
India,12/7/20,26567
India,12/8/20,32080
India,12/9/20,31521
India,12/10/20,29373
India,12/11/20,30031
India,12/12/20,30254
India,12/13/20,27071
India,12/14/20,22065
India,12/15/20,26382
India,12/16/20,24010
India,12/17/20,22890
India,12/18/20,25152
India,12/19/20,26624
India,12/20/20,24337
India,12/21/20,19556
India,12/22/20,23950
India,12/23/20,24712
India,12/24/20,23067
India,12/25/20,22273
India,12/26/20,18732
India,12/27/20,20021
India,12/28/20,16432
India,12/29/20,20549
India,12/30/20,21822
India,12/31/20,20035
India,1/1/21,39114
India,1/2/21,-1858
India,1/3/21,16504
India,1/4/21,16375
India,1/5/21,18088
India,1/6/21,20346
India,1/7/21,18139
India,1/8/21,0
India,1/9/21,36867
India,1/10/21,16311
India,1/11/21,12584
India,1/12/21,15968
India,1/13/21,16946
India,1/14/21,15590
India,1/15/21,15158
India,1/16/21,15144
India,1/17/21,13788
India,1/18/21,10050
India,1/19/21,13816
India,1/20/21,15244
India,1/21/21,14545
India,1/22/21,14256
India,1/23/21,14849
India,1/24/21,13203
India,1/25/21,9102
India,1/26/21,12689
India,1/27/21,11666
India,1/28/21,18855
India,1/29/21,13082
India,1/30/21,13044
India,1/31/21,11436
India,2/1/21,8635
India,2/2/21,11039
India,2/3/21,12899
India,2/4/21,12408
India,2/5/21,11713
India,2/6/21,12059
India,2/7/21,11831
India,2/8/21,9110
India,2/9/21,11067
India,2/10/21,12923
India,2/11/21,9309
India,2/12/21,12143
India,2/13/21,12194
India,2/14/21,11649
India,2/15/21,9121
India,2/16/21,11610
India,2/17/21,12881
India,2/18/21,13193
India,2/19/21,13993
India,2/20/21,14264
India,2/21/21,14199
India,2/22/21,10584
India,2/23/21,13742
India,2/24/21,16738
India,2/25/21,16577
India,2/26/21,16488
India,2/27/21,16752
India,2/28/21,15510
India,3/1/21,12286
India,3/2/21,14989
India,3/3/21,17407
India,3/4/21,16838
India,3/5/21,18284
India,3/6/21,18754
India,3/7/21,18599
India,3/8/21,15388
India,3/9/21,17921
India,3/10/21,22854
India,3/11/21,23285
India,3/12/21,24882
India,3/13/21,25320
India,3/14/21,26291
India,3/15/21,24492
India,3/16/21,28903
India,3/17/21,35871
India,3/18/21,39726
India,3/19/21,40953
India,3/20/21,43846
India,3/21/21,46951
India,3/22/21,40715
India,3/23/21,47262
India,3/24/21,53476
India,3/25/21,59118
India,3/26/21,62258
India,3/27/21,62714
India,3/28/21,68020
India,3/29/21,56211
India,3/30/21,53480
India,3/31/21,72330
India,4/1/21,81466
India,4/2/21,89129
India,4/3/21,93249
India,4/4/21,103558
India,4/5/21,96982
India,4/6/21,115736
India,4/7/21,126789
India,4/8/21,131968
India,4/9/21,145384
India,4/10/21,152879
India,4/11/21,168912
India,4/12/21,161736
India,4/13/21,184372
India,4/14/21,200739
India,4/15/21,217353
India,4/16/21,234692
India,4/17/21,261394
India,4/18/21,273802
India,4/19/21,259167
India,4/20/21,295158
India,4/21/21,314644
India,4/22/21,332921
India,4/23/21,346786
India,4/24/21,349691
India,4/25/21,352991
India,4/26/21,323023
India,4/27/21,360927
India,4/28/21,379308
India,4/29/21,386555
India,4/30/21,401993
India,5/1/21,392488
India,5/2/21,368060
India,5/3/21,357316
India,5/4/21,382146
India,5/5/21,412431
India,5/6/21,414188
India,5/7/21,401078
India,5/8/21,403405
India,5/9/21,366494
India,5/10/21,329942
India,5/11/21,348421
India,5/12/21,362727
India,5/13/21,343144
India,5/14/21,326098
India,5/15/21,311170
India,5/16/21,281386
India,5/17/21,263533
India,5/18/21,267334
India,5/19/21,276110
India,5/20/21,259551
India,5/21/21,257299
India,5/22/21,240842
India,5/23/21,222315
India,5/24/21,196427
India,5/25/21,208921
India,5/26/21,211298
India,5/27/21,186364
India,5/28/21,173790
India,5/29/21,165553
India,5/30/21,152734
India,5/31/21,127510
India,6/1/21,132788
India,6/2/21,134154
India,6/3/21,132364
India,6/4/21,120529
India,6/5/21,114460
India,6/6/21,100636
India,6/7/21,86498
India,6/8/21,92596
India,6/9/21,93463
India,6/10/21,92291
India,6/11/21,84332
India,6/12/21,80834
India,6/13/21,70421
India,6/14/21,60471
India,6/15/21,62224
India,6/16/21,67208
India,6/17/21,62480
India,6/18/21,60753
India,6/19/21,58226
India,6/20/21,53449
India,6/21/21,42640
India,6/22/21,50848
India,6/23/21,54069
India,6/24/21,51667
India,6/25/21,48698
India,6/26/21,50040
India,6/27/21,46148
India,6/28/21,37566
India,6/29/21,45951
India,6/30/21,48786
India,7/1/21,46617
India,7/2/21,44111
India,7/3/21,43071
India,7/4/21,39796
India,7/5/21,34703
India,7/6/21,43733
India,7/7/21,45892
India,7/8/21,43393
India,7/9/21,42766
India,7/10/21,41506
India,7/11/21,37154
India,7/12/21,32906
India,7/13/21,38865
India,7/14/21,41733
India,7/15/21,38949
India,7/16/21,38079
India,7/17/21,41157
India,7/18/21,38164
India,7/19/21,30093
India,7/20/21,42015
India,7/21/21,41383
India,7/22/21,35342
India,7/23/21,0
India,7/24/21,78839
India,7/25/21,39361
India,7/26/21,29689
India,7/27/21,43654
India,7/28/21,43509
India,7/29/21,44230
India,7/30/21,41649
India,7/31/21,41831
India,8/1/21,40134
India,8/2/21,30549
India,8/3/21,42625
India,8/4/21,42982
India,8/5/21,44643
India,8/6/21,38628
India,8/7/21,39070
India,8/8/21,35499
India,8/9/21,28204
India,8/10/21,38353
India,8/11/21,41195
India,8/12/21,40120
India,8/13/21,38667
India,8/14/21,36083
India,8/15/21,32937
India,8/16/21,25166
India,8/17/21,35178
India,8/18/21,36401
India,8/19/21,36571
India,8/20/21,34457
India,8/21/21,30948
India,8/22/21,25072
India,8/23/21,25467
India,8/24/21,37593
India,8/25/21,46164
India,8/26/21,44658
India,8/27/21,46759
India,8/28/21,45083
India,8/29/21,42909
India,8/30/21,30941
USA,1/23/20,0
USA,1/24/20,1
USA,1/25/20,0
USA,1/26/20,3
USA,1/27/20,0
USA,1/28/20,0
USA,1/29/20,1
USA,1/30/20,0
USA,1/31/20,2
USA,2/1/20,0
USA,2/2/20,0
USA,2/3/20,3
USA,2/4/20,0
USA,2/5/20,0
USA,2/6/20,1
USA,2/7/20,0
USA,2/8/20,0
USA,2/9/20,0
USA,2/10/20,0
USA,2/11/20,1
USA,2/12/20,0
USA,2/13/20,1
USA,2/14/20,0
USA,2/15/20,0
USA,2/16/20,0
USA,2/17/20,0
USA,2/18/20,0
USA,2/19/20,0
USA,2/20/20,0
USA,2/21/20,2
USA,2/22/20,0
USA,2/23/20,0
USA,2/24/20,0
USA,2/25/20,0
USA,2/26/20,0
USA,2/27/20,1
USA,2/28/20,0
USA,2/29/20,8
USA,3/1/20,7
USA,3/2/20,23
USA,3/3/20,19
USA,3/4/20,33
USA,3/5/20,77
USA,3/6/20,53
USA,3/7/20,166
USA,3/8/20,116
USA,3/9/20,75
USA,3/10/20,188
USA,3/11/20,365
USA,3/12/20,439
USA,3/13/20,633
USA,3/14/20,759
USA,3/15/20,234
USA,3/16/20,1467
USA,3/17/20,1833
USA,3/18/20,2657
USA,3/19/20,4494
USA,3/20/20,6367
USA,3/21/20,5995
USA,3/22/20,8873
USA,3/23/20,11238
USA,3/24/20,10619
USA,3/25/20,12082
USA,3/26/20,17856
USA,3/27/20,18690
USA,3/28/20,19630
USA,3/29/20,18899
USA,3/30/20,22075
USA,3/31/20,26314
USA,4/1/20,32286
USA,4/2/20,32222
USA,4/3/20,32307
USA,4/4/20,32386
USA,4/5/20,29895
USA,4/6/20,31390
USA,4/7/20,30779
USA,4/8/20,31235
USA,4/9/20,35942
USA,4/10/20,34403
USA,4/11/20,29083
USA,4/12/20,27256
USA,4/13/20,26939
USA,4/14/20,28818
USA,4/15/20,25408
USA,4/16/20,30002
USA,4/17/20,33066
USA,4/18/20,27907
USA,4/19/20,26062
USA,4/20/20,29820
USA,4/21/20,25926
USA,4/22/20,28911
USA,4/23/20,33612
USA,4/24/20,32327
USA,4/25/20,30380
USA,4/26/20,26488
USA,4/27/20,23715
USA,4/28/20,24575
USA,4/29/20,26459
USA,4/30/20,29205
USA,5/1/20,34907
USA,5/2/20,27348
USA,5/3/20,24321
USA,5/4/20,24068
USA,5/5/20,24528
USA,5/6/20,24569
USA,5/7/20,27429
USA,5/8/20,26830
USA,5/9/20,25176
USA,5/10/20,18805
USA,5/11/20,19298
USA,5/12/20,22927
USA,5/13/20,20433
USA,5/14/20,26817
USA,5/15/20,24733
USA,5/16/20,24135
USA,5/17/20,18388
USA,5/18/20,22389
USA,5/19/20,20979
USA,5/20/20,22725
USA,5/21/20,25769
USA,5/22/20,23649
USA,5/23/20,21099
USA,5/24/20,20077
USA,5/25/20,18662
USA,5/26/20,19663
USA,5/27/20,18551
USA,5/28/20,22320
USA,5/29/20,24478
USA,5/30/20,23632
USA,5/31/20,18983
USA,6/1/20,17414
USA,6/2/20,21502
USA,6/3/20,19857
USA,6/4/20,21658
USA,6/5/20,25403
USA,6/6/20,21142
USA,6/7/20,17928
USA,6/8/20,17616
USA,6/9/20,18383
USA,6/10/20,21111
USA,6/11/20,23166
USA,6/12/20,24828
USA,6/13/20,25212
USA,6/14/20,18941
USA,6/15/20,19827
USA,6/16/20,23667
USA,6/17/20,27072
USA,6/18/20,28537
USA,6/19/20,31544
USA,6/20/20,32280
USA,6/21/20,25150
USA,6/22/20,32144
USA,6/23/20,37072
USA,6/24/20,35878
USA,6/25/20,40326
USA,6/26/20,45999
USA,6/27/20,41330
USA,6/28/20,40734
USA,6/29/20,41299
USA,6/30/20,46420
USA,7/1/20,51820
USA,7/2/20,56636
USA,7/3/20,51351
USA,7/4/20,45693
USA,7/5/20,50747
USA,7/6/20,43106
USA,7/7/20,60661
USA,7/8/20,60119
USA,7/9/20,62509
USA,7/10/20,68057
USA,7/11/20,60017
USA,7/12/20,58424
USA,7/13/20,58930
USA,7/14/20,68051
USA,7/15/20,68090
USA,7/16/20,75866
USA,7/17/20,72236
USA,7/18/20,62536
USA,7/19/20,60456
USA,7/20/20,62107
USA,7/21/20,64461
USA,7/22/20,70579
USA,7/23/20,68445
USA,7/24/20,73319
USA,7/25/20,64953
USA,7/26/20,54816
USA,7/27/20,56783
USA,7/28/20,66412
USA,7/29/20,71873
USA,7/30/20,67466
USA,7/31/20,68712
USA,8/1/20,56201
USA,8/2/20,45568
USA,8/3/20,45501
USA,8/4/20,58774
USA,8/5/20,54466
USA,8/6/20,59349
USA,8/7/20,59303
USA,8/8/20,54134
USA,8/9/20,45769
USA,8/10/20,47606
USA,8/11/20,48003
USA,8/12/20,56040
USA,8/13/20,51316
USA,8/14/20,65336
USA,8/15/20,46951
USA,8/16/20,39212
USA,8/17/20,36652
USA,8/18/20,45033
USA,8/19/20,47320
USA,8/20/20,44041
USA,8/21/20,48843
USA,8/22/20,43064
USA,8/23/20,34247
USA,8/24/20,36482
USA,8/25/20,40354
USA,8/26/20,45172
USA,8/27/20,45393
USA,8/28/20,46832
USA,8/29/20,42754
USA,8/30/20,34404
USA,8/31/20,35362
USA,9/1/20,41846
USA,9/2/20,41018
USA,9/3/20,44251
USA,9/4/20,50382
USA,9/5/20,43158
USA,9/6/20,31218
USA,9/7/20,23613
USA,9/8/20,27226
USA,9/9/20,34049
USA,9/10/20,36056
USA,9/11/20,47769
USA,9/12/20,41101
USA,9/13/20,34372
USA,9/14/20,34423
USA,9/15/20,39492
USA,9/16/20,39030
USA,9/17/20,45130
USA,9/18/20,49282
USA,9/19/20,42202
USA,9/20/20,38447
USA,9/21/20,51878
USA,9/22/20,39866
USA,9/23/20,39069
USA,9/24/20,47103
USA,9/25/20,48295
USA,9/26/20,44673
USA,9/27/20,37528
USA,9/28/20,33294
USA,9/29/20,43338
USA,9/30/20,39443
USA,10/1/20,45650
USA,10/2/20,54950
USA,10/3/20,48577
USA,10/4/20,35738
USA,10/5/20,39376
USA,10/6/20,45289
USA,10/7/20,51056
USA,10/8/20,58599
USA,10/9/20,56384
USA,10/10/20,54953
USA,10/11/20,45981
USA,10/12/20,41774
USA,10/13/20,52231
USA,10/14/20,59778
USA,10/15/20,64880
USA,10/16/20,69147
USA,10/17/20,56759
USA,10/18/20,49367
USA,10/19/20,67717
USA,10/20/20,61956
USA,10/21/20,63301
USA,10/22/20,76310
USA,10/23/20,81933
USA,10/24/20,82767
USA,10/25/20,62204
USA,10/26/20,67310
USA,10/27/20,76838
USA,10/28/20,79426
USA,10/29/20,91019
USA,10/30/20,99264
USA,10/31/20,89754
USA,11/1/20,104900
USA,11/2/20,85211
USA,11/3/20,127198
USA,11/4/20,104541
USA,11/5/20,129367
USA,11/6/20,128033
USA,11/7/20,127510
USA,11/8/20,115170
USA,11/9/20,120434
USA,11/10/20,140504
USA,11/11/20,146750
USA,11/12/20,164750
USA,11/13/20,180398
USA,11/14/20,167926
USA,11/15/20,136356
USA,11/16/20,162624
USA,11/17/20,163958
USA,11/18/20,173251
USA,11/19/20,191510
USA,11/20/20,198333
USA,11/21/20,179436
USA,11/22/20,146947
USA,11/23/20,174089
USA,11/24/20,175544
USA,11/25/20,183403
USA,11/26/20,112526
USA,11/27/20,207933
USA,11/28/20,155661
USA,11/29/20,140328
USA,11/30/20,160321
USA,12/1/20,188339
USA,12/2/20,202894
USA,12/3/20,223421
USA,12/4/20,232644
USA,12/5/20,215811
USA,12/6/20,181253
USA,12/7/20,194409
USA,12/8/20,224452
USA,12/9/20,222648
USA,12/10/20,231428
USA,12/11/20,240089
USA,12/12/20,217797
USA,12/13/20,187971
USA,12/14/20,194314
USA,12/15/20,208992
USA,12/16/20,246644
USA,12/17/20,239922
USA,12/18/20,251820
USA,12/19/20,192103
USA,12/20/20,188004
USA,12/21/20,198703
USA,12/22/20,198123
USA,12/23/20,229625
USA,12/24/20,194138
USA,12/25/20,97880
USA,12/26/20,226416
USA,12/27/20,155845
USA,12/28/20,174152
USA,12/29/20,200439
USA,12/30/20,233691
USA,12/31/20,235584
USA,1/1/21,153911
USA,1/2/21,300462
USA,1/3/21,208853
USA,1/4/21,184005
USA,1/5/21,235042
USA,1/6/21,255660
USA,1/7/21,278314
USA,1/8/21,295257
USA,1/9/21,260967
USA,1/10/21,213415
USA,1/11/21,214687
USA,1/12/21,226944
USA,1/13/21,230301
USA,1/14/21,235766
USA,1/15/21,242866
USA,1/16/21,201858
USA,1/17/21,177845
USA,1/18/21,143598
USA,1/19/21,176216
USA,1/20/21,183261
USA,1/21/21,193872
USA,1/22/21,190758
USA,1/23/21,170745
USA,1/24/21,131198
USA,1/25/21,151677
USA,1/26/21,147626
USA,1/27/21,153961
USA,1/28/21,168804
USA,1/29/21,166622
USA,1/30/21,142473
USA,1/31/21,112152
USA,2/1/21,134952
USA,2/2/21,115307
USA,2/3/21,121697
USA,2/4/21,123996
USA,2/5/21,134422
USA,2/6/21,104193
USA,2/7/21,89729
USA,2/8/21,90445
USA,2/9/21,95258
USA,2/10/21,95270
USA,2/11/21,105763
USA,2/12/21,99651
USA,2/13/21,87219
USA,2/14/21,65153
USA,2/15/21,54261
USA,2/16/21,62498
USA,2/17/21,70152
USA,2/18/21,69898
USA,2/19/21,79282
USA,2/20/21,71700
USA,2/21/21,57152
USA,2/22/21,56165
USA,2/23/21,72260
USA,2/24/21,74749
USA,2/25/21,77504
USA,2/26/21,77349
USA,2/27/21,64626
USA,2/28/21,51422
USA,3/1/21,58098
USA,3/2/21,57147
USA,3/3/21,67142
USA,3/4/21,68070
USA,3/5/21,66419
USA,3/6/21,58265
USA,3/7/21,41073
USA,3/8/21,44896
USA,3/9/21,57678
USA,3/10/21,57890
USA,3/11/21,62465
USA,3/12/21,61513
USA,3/13/21,53031
USA,3/14/21,38278
USA,3/15/21,56541
USA,3/16/21,54008
USA,3/17/21,59316
USA,3/18/21,60391
USA,3/19/21,61680
USA,3/20/21,55523
USA,3/21/21,33828
USA,3/22/21,51436
USA,3/23/21,53706
USA,3/24/21,86829
USA,3/25/21,67546
USA,3/26/21,77377
USA,3/27/21,62848
USA,3/28/21,43217
USA,3/29/21,69273
USA,3/30/21,61429
USA,3/31/21,66765
USA,4/1/21,79143
USA,4/2/21,69887
USA,4/3/21,63261
USA,4/4/21,35141
USA,4/5/21,77372
USA,4/6/21,60674
USA,4/7/21,75030
USA,4/8/21,79885
USA,4/9/21,82710
USA,4/10/21,66687
USA,4/11/21,46509
USA,4/12/21,70082
USA,4/13/21,77959
USA,4/14/21,75403
USA,4/15/21,74314
USA,4/16/21,80065
USA,4/17/21,52532
USA,4/18/21,42121
USA,4/19/21,68105
USA,4/20/21,60949
USA,4/21/21,62858
USA,4/22/21,67275
USA,4/23/21,62423
USA,4/24/21,53495
USA,4/25/21,32153
USA,4/26/21,47556
USA,4/27/21,50836
USA,4/28/21,55155
USA,4/29/21,58251
USA,4/30/21,57914
USA,5/1/21,45404
USA,5/2/21,29390
USA,5/3/21,50491
USA,5/4/21,40723
USA,5/5/21,44730
USA,5/6/21,47531
USA,5/7/21,48188
USA,5/8/21,33617
USA,5/9/21,21440
USA,5/10/21,36785
USA,5/11/21,33662
USA,5/12/21,35826
USA,5/13/21,38076
USA,5/14/21,42260
USA,5/15/21,28857
USA,5/16/21,16878
USA,5/17/21,28621
USA,5/18/21,27786
USA,5/19/21,29321
USA,5/20/21,30186
USA,5/21/21,27946
USA,5/22/21,19798
USA,5/23/21,12913
USA,5/24/21,25770
USA,5/25/21,22755
USA,5/26/21,23960
USA,5/27/21,27491
USA,5/28/21,21816
USA,5/29/21,12001
USA,5/30/21,6734
USA,5/31/21,5775
USA,6/1/21,22940
USA,6/2/21,16944
USA,6/3/21,19101
USA,6/4/21,16850
USA,6/5/21,13937
USA,6/6/21,5395
USA,6/7/21,15448
USA,6/8/21,12982
USA,6/9/21,18647
USA,6/10/21,14545
USA,6/11/21,24699
USA,6/12/21,8228
USA,6/13/21,4777
USA,6/14/21,12745
USA,6/15/21,11302
USA,6/16/21,12431
USA,6/17/21,10380
USA,6/18/21,20598
USA,6/19/21,8524
USA,6/20/21,3892
USA,6/21/21,12320
USA,6/22/21,10976
USA,6/23/21,12445
USA,6/24/21,12846
USA,6/25/21,23656
USA,6/26/21,7308
USA,6/27/21,3920
USA,6/28/21,15085
USA,6/29/21,11339
USA,6/30/21,13139
USA,7/1/21,14442
USA,7/2/21,29899
USA,7/3/21,4753
USA,7/4/21,3697
USA,7/5/21,5528
USA,7/6/21,24250
USA,7/7/21,22884
USA,7/8/21,20076
USA,7/9/21,48226
USA,7/10/21,9066
USA,7/11/21,6164
USA,7/12/21,34995
USA,7/13/21,26442
USA,7/14/21,31878
USA,7/15/21,28351
USA,7/16/21,79310
USA,7/17/21,12986
USA,7/18/21,12048
USA,7/19/21,52085
USA,7/20/21,42703
USA,7/21/21,52032
USA,7/22/21,56842
USA,7/23/21,119158
USA,7/24/21,27802
USA,7/25/21,13213
USA,7/26/21,89358
USA,7/27/21,70740
USA,7/28/21,68771
USA,7/29/21,78170
USA,7/30/21,194608
USA,7/31/21,32808
USA,8/1/21,25141
USA,8/2/21,127976
USA,8/3/21,106557
USA,8/4/21,92714
USA,8/5/21,109824
USA,8/6/21,254981
USA,8/7/21,44082
USA,8/8/21,24234
USA,8/9/21,184476
USA,8/10/21,106847
USA,8/11/21,135071
USA,8/12/21,116621
USA,8/13/21,290764
USA,8/14/21,42707
USA,8/15/21,38482
USA,8/16/21,210199
USA,8/17/21,128902
USA,8/18/21,137815
USA,8/19/21,138472
USA,8/20/21,319494
USA,8/21/21,62678
USA,8/22/21,33497
USA,8/23/21,229831
USA,8/24/21,135245
USA,8/25/21,148143
USA,8/26/21,161331
USA,8/27/21,322934
USA,8/28/21,53069
USA,8/29/21,38473
USA,8/30/21,258532