"","dep_cont_raclogico","dep_cont_abstracao","dep_cont_racmath","dep_cont_stats","dep_cont_anadados","dep_cont_anagraf","dep_cont_anapreditiva","dep_cont_ferramentavisual"
"1",4.72507658696642,4.49617289366507,4.28822525493558,4.58768438915303,4.13013687361317,4.22544044577781,4.31614396632284,3.32425935310941
"2",4.61127902185439,4.53191596818266,4.21355590057765,4.28195048099078,4.22386328101734,4.27766912093397,4.67277414521234,3.48983774183408
"3",4.59322705169801,4.52173714378235,4.3440481620621,4.0923941030485,4.35990733562081,4.15800681747049,4.38486662826072,3.46423206776727
"4",4.58852168778245,4.34961738136224,3.83965647164329,4.20126566741366,4.24747883531546,4.19354916975158,4.64667695918324,3.41135866824748
"5",4.38029091334025,4.59710909489115,4.08103262841433,4.61352991603562,4.22571052216005,4.15526934963447,4.59777692624908,3.35036918382887
"6",4.48888471940012,4.54486399891635,4.24280576131645,4.20427812053976,4.31199235507706,4.25231469035384,4.25209517361692,3.18375722170097
"7",4.60197672243231,4.34682690411536,4.20516024443199,4.70408437266463,4.05194722395978,4.20754231406539,4.82975875203502,3.41692781858683
"8",4.44072180680908,4.60498328855337,4.37398455014124,4.00912942642321,3.9982217642028,4.14842575928723,4.45694038710626,3.32836919154385
"9",4.61152648181584,4.89584384171626,4.10067291591506,4.34092006420359,4.21892486341221,4.39580916423002,4.21981013954181,3.62542742658564
"10",4.67554652419814,4.51835858581429,3.91926103416226,4.14826764558221,3.85813532965032,4.21099260106522,4.35551736033772,3.33280972118046
"11",4.37899377304557,4.52877097055511,4.06959582619288,4.22907709689529,4.10276641021837,4.16899755202001,4.48363359051617,3.3489807333122
"12",4.45919198778861,4.65630936304628,4.13771731057102,4.26504175611493,4.14035798172471,4.34695150071167,4.21633168923361,3.3823776257793
"13",4.69044980545164,4.32889830626316,4.14057868749098,4.25182463069137,4.20229766605424,4.38353413034311,4.74505242075293,3.37145675290649
"14",4.87521929711674,4.44108222051936,3.99388374482415,4.50146521784851,4.20173989791562,4.19230977533835,4.12661532686177,3.29012813581445
"15",4.55174492167818,4.46366600687089,4.18058496751736,4.39188226696724,3.98433838083574,4.13657047344723,4.54170055837623,3.05799522437506
"16",4.64281919215358,4.55405301607724,4.56694796126248,4.46803786947033,4.1058131466871,4.1187743326348,4.31309329146559,3.57268742927181
"17",4.71684635889235,4.44653569386682,4.20796471412577,4.02411027884098,3.99255830596219,4.28241237273399,4.56579223594034,3.30582882272343
"18",4.54220108881151,4.21691419443614,4.21728624849075,4.45407929555015,4.21785041554766,4.01225968931608,4.43014152016151,3.49083300230474
"19",4.72992051753218,4.32079769632363,4.05395606984044,4.12776613545382,4.14273348441507,4.05854135040425,4.6422830834564,3.61453999326457
"20",4.60661005105359,4.54653732571398,3.95420982799861,3.9598874116738,4.04491864717273,4.05737045207553,4.50713989157765,3.43361361771969
"21",4.68757120309898,4.45897455875589,4.20116162255357,4.24225915452056,3.92128734608781,4.30835372596963,4.57474149727949,3.37694599929481
"22",4.54295900053795,4.61779684785377,4.46137121934708,4.1791691934782,4.1939795833533,4.12603557223428,4.47037159763354,3.51211542136086
"23",4.80924725054807,4.62912768666906,4.21638490812404,4.18011247354953,4.32873626478708,4.25659861977497,4.29396112293264,3.38550600511899
"24",4.59687344413389,4.58144216019256,4.47677395984225,4.00894679304097,3.92245924419874,4.33900090423057,4.08677717554525,3.32889281095529
"25",4.50020513503773,4.8813654901302,4.34938802719741,4.71708294454579,4.12239715396933,4.11759536682342,4.98278717187743,3.37725817151307
"26",4.60418571583545,4.08098505019184,4.2360949791368,4.35959467821666,4.14529822154348,4.32194262925793,4.46199863390498,3.47146914785459
"27",4.73100981659696,4.59852229337297,4.59222237790732,4.46581860720242,4.12422229061023,4.2629441666239,4.15921375133984,3.33372023376236
"28",4.558441493924,4.44872708897376,4.2276658424489,4.26100657335339,4.14537393036067,4.28976342666048,4.84038554384881,3.43058322845291
"29",4.58044054829333,4.21210713121599,4.10968093235207,4.51269327376639,4.36813920764332,4.2326677045238,4.74072260323888,3.34171313102288
"30",4.64246466900699,4.62773081103918,4.01645596742343,4.21049165571499,3.76776883116924,4.16112294943425,4.52268071147733,3.4403303776854
"31",4.64660977416791,4.27660462162129,4.03156652382749,4.3910296921075,4.32330958449537,4.19655484422945,4.29619894016387,3.55262457587036
"32",4.59792394500667,4.65046211825604,3.87213472217782,4.30357634205894,3.9443504691177,4.20155462882721,4.21911217997468,3.54789192944008
"33",4.69423421250844,4.56341431898791,3.87004489137409,4.35031081275512,4.38482592740771,4.15980490872948,4.24675145478958,3.45033727840161
"34",4.65651714918101,4.55589699283551,4.15196700428227,4.44059714980415,4.26481165726976,4.02285872477864,4.50650765598397,3.26874383747494
"35",4.62383898705676,4.62955308055487,4.51012618738026,4.03538550899351,4.10988947070317,4.10358360477697,4.40009280297846,3.58704276022225
"36",4.69646915496718,4.61476870299581,4.39804994520456,4.12112272304276,4.18391460114617,4.11511306686535,4.35608659639884,3.25663662659979
"37",4.60183598946918,4.44530540021458,4.1276686439704,4.49272769987668,4.04883080370368,4.0935453921099,4.59718804534164,3.43445682719238
"38",4.53819869503191,4.44361017151558,4.36958166018843,4.40192954709415,4.15820705574801,4.22013164834792,4.39826880638038,3.37868662658517
"39",4.61006495394113,4.52329546808582,4.52922863433659,4.40050845115889,4.05151395641249,4.07581001333169,4.31381956599158,3.3773070585966
"40",4.51834706377845,4.5789046850236,3.77874749866167,4.34339878887832,4.16967348883501,4.18769367295655,4.37538702254991,3.58314319293345
"41",4.46030932861295,4.49935694604837,3.99360713965,4.51521400385537,4.30380633721612,4.27980421721322,4.43316337525331,3.40481322860465
"42",4.61494138029427,4.5376254738976,4.07572851035388,4.338422839681,3.97240391768471,4.24416498881104,4.25394412523289,3.52429073191401
"43",4.51590194554685,4.25640268890673,4.27777248344107,4.00174315722331,3.8519476715962,4.244261043296,4.34558884085753,3.15967659932004
"44",4.52452440375809,4.22899484605785,4.53992462661019,4.51428317261935,4.11977131123224,4.32650949303815,4.3079382035239,3.36016066189858
"45",4.56049878417823,4.27516427247287,4.23820649531572,4.42027176482861,4.1074840476982,4.22295740388998,4.31568607474289,3.41081757622651
"46",4.69857394502351,4.55273542767745,4.03418953986838,3.58896573744716,4.07229627479721,4.31768171494134,4.171207952527,3.35587384637878
"47",4.47830226416624,4.62501416075664,4.29918155115286,4.17245865351431,3.84980715968191,4.12241590405095,4.57610921830991,3.42555714083165
"48",4.80145755136062,4.56378190820954,4.12397415133123,4.31654401852352,4.20117181055918,4.22542793999007,4.48495151388662,3.2126405958733
"49",4.56779983665329,4.53022681937831,4.01222785072723,4.58938386763101,4.06791682679693,4.27534262710382,3.95013255365454,3.58649601018307
"50",4.98614889194563,4.43983047887528,4.18463815465545,4.46726448550354,4.01527270017001,4.27551394164174,4.64697803458811,3.34029445714335
"51",4.65897625563254,4.67033732119454,4.31888218824013,4.32225804691239,4.02591863935695,4.0866887374454,4.69324847294043,3.38865246964839
"52",4.71124509587439,4.2476916178966,3.88852528188423,4.37841249711058,4.06865072905145,4.32379446358309,4.26268921539333,3.33946878484274
"53",4.55957471558295,4.46496413347839,3.94984644392715,4.25259065944584,4.06521466284305,4.29695827655146,4.92490417147914,3.43684730229675
"54",4.57699354990728,4.55637378651897,4.01182617318747,4.0749212456627,3.96699134635249,4.14055038051884,4.88990951218757,3.43316878961958
"55",4.51080377064579,4.5747091119585,3.81319081142223,4.19540551452991,3.99158495877203,4.06842330722877,4.35291483986335,3.22332391869725
"56",4.62738254174384,4.47201646825288,4.33503736393162,4.47526535043752,4.00405625312956,4.39462385862781,4.47705602765498,3.31700867729213
"57",4.32722906191608,4.31120884774645,4.22382195769417,4.35853091141776,3.9643513695075,4.12376136938512,4.53602812622105,3.25357818223012
"58",4.50564169979386,4.51186118102666,4.03088032420049,4.07942425481182,4.1571831828592,4.26488526708075,4.53505694638867,3.43491576577244
"59",4.6076436904795,4.57010622666026,4.18960181613154,4.34605264306935,3.96590656441921,4.29110710799435,4.62762529437941,3.3257119077163
"60",4.62718202981506,4.82554403494985,4.23447581419108,4.34280573632131,4.22700386884987,4.16170781899339,4.6355144222707,3.30485665053142
"61",4.61035165241046,4.83251022748261,4.12950291924557,4.27033982948777,4.0737653380815,4.29291453152835,4.68023101480019,3.49823090010333
"62",4.66655984665554,4.77900065531156,4.06579834557912,4.15604641402846,3.90490189691743,4.24129736700198,4.71711286831027,3.67823327043065
"63",4.6850479424739,4.39152279949437,4.21612008698878,4.48770971848354,4.17333001078214,4.00733227024301,4.3070496474147,3.56181860692834
"64",4.5717804067945,4.38335159819471,3.96046064903474,4.33272023953007,4.06096463491767,4.13003981873901,4.22581807270794,3.29382465660682
"65",4.81610783182981,4.19957712959867,4.65884767415665,4.27325472366893,4.2364919200097,4.25019429402619,4.17491071123601,3.45135239064652
"66",4.5217801678602,4.3581619105961,4.23643045176641,4.30626270902178,3.95500395921132,4.09807577001158,4.61354769448111,3.17964934111155
"67",4.46838952097145,4.64618032191891,4.19165242190105,3.8986935002928,4.35310157768714,4.06645206878372,4.80997933827598,3.3597061288399
"68",4.74555444026488,4.86748401124233,4.31698061747847,4.35457980030051,4.10104595530058,4.4216686422688,4.23968071038161,3.25486573363358
"69",4.57260719562028,4.86772934185692,3.89141799079645,4.23646278528992,3.96473120841064,4.17391806795712,4.73420144407499,3.29898193654293
"70",4.47722901778883,4.54262288176904,4.40026293043477,4.27933946784172,3.78732118296404,4.20431921383927,4.24718804513961,3.39885076190355
"71",4.64701836693464,4.42689707950491,4.25734226514484,4.4012821086881,4.17034725737486,4.2555953355259,4.38999955012608,3.41899285075691
"72",4.48143453764522,4.24387485868443,3.97874948559345,4.10647876567827,3.91997276767591,4.23698234805081,4.47674111576058,3.64361853405247
"73",4.59001909519121,4.61527749634882,4.44575569284341,4.25815041196614,4.21657303543628,4.2366978632371,4.55079752728675,3.45523250314366
"74",4.6224412998834,4.3923544717402,4.3530175447296,4.372397721556,3.95072559875109,4.00397268253683,4.20869500901185,3.60165603074029
"75",4.61026583069671,4.3490914941178,4.09001274934178,4.15332523582144,4.15314953937745,4.28537964136931,4.93715031228564,3.28107890840193
"76",4.60737513495402,4.69782564354743,3.95160528413074,4.49383970644989,4.0991125142819,4.25983608271517,4.2358441719261,3.26579765822445
"77",4.7723707652853,4.64500775025117,4.27527670953821,3.97814501546543,4.24462664326421,4.17974492995305,4.59255164049524,3.37810453363617
"78",4.52886208780181,4.807636018878,4.02694625798019,4.40685756987427,3.8999973635904,4.16475170788749,4.31294599976088,3.09105509139424
"79",4.51749943690263,4.33868739241013,4.13476494564088,4.21299935065436,4.10650282795473,4.23093603630709,4.81786890877133,3.42301151184565
"80",4.61828406212203,4.08406655400212,4.04772854753541,4.31870820299241,4.14417944291655,4.03630733551998,4.34231991474328,3.3969069376879
"81",4.75014279234764,4.5162566325277,4.2761069341986,4.20211750898328,4.29359638319764,4.01235001952465,4.66222446493264,3.39466150773792
"82",4.55689489175292,4.69776928679428,4.38675192472862,4.28110779472565,4.10195769412309,4.24860325100789,4.35036947421145,3.31773243991189
"83",4.59350105682971,4.40429835136045,3.97342446761948,4.36446752710387,4.00825002825069,4.33569354665239,4.30645173524909,3.48955614833637
"84",4.66851724368361,4.5314921814344,3.89393442476339,4.49279671538329,4.25237730739476,4.3549199256863,4.79547618627245,3.38301947159879
"85",4.65844430316027,4.15849713221577,4.28745341076649,4.17304076587368,4.3098539013865,4.13022028095204,4.47119967944613,3.39539190270595
"86",4.70626325394361,4.22758628690924,4.07167820812323,4.28683865472241,3.94177103643116,4.18952910082514,4.4080346295623,3.45823529824184
"87",4.51884743669986,4.58375871072651,4.27071535209653,3.99050212245889,4.21499329357632,4.16921874160651,4.28609992484167,3.22528796823963
"88",4.5970572111052,4.73989742231441,4.13447451376955,4.29887522093323,4.23059002802774,4.19196720916152,4.31929258383884,3.54240702257464
"89",4.61622026414385,4.43350137924307,4.19744132024358,4.51358255539635,4.12954120474235,4.33494833286968,4.29814071355609,3.20488923939565
"90",4.57166031947841,4.15467296491892,4.2495307633952,4.47434441628584,4.15399048861838,4.11622791571487,4.21325611359313,3.4516394735564
"91",4.45627316011569,4.13958932709613,4.36864099512462,4.33603978011089,3.95347532156557,4.49453563511443,4.46116884503022,3.57775295871605
"92",4.61388515851983,4.7129576726905,3.91381218446488,4.13304745683022,4.03917804369609,4.18365396105924,3.74647387262529,3.42737888736472
"93",4.64234625986497,4.24114331071597,4.17374010067846,4.58899153334998,4.320021256992,4.06097415002788,3.79188090217226,3.56924872850637
"94",4.43124281429992,4.7678589653548,4.18544114164891,4.25557013985372,3.94929488522193,4.07168780346752,4.28871683226247,3.25957594424552
"95",4.58120374703936,4.74877816378098,3.78754550034959,4.13262645591397,3.91391947194428,4.16210463298491,4.57141601239097,3.54278138685706
"96",4.57263462258623,4.50279406826783,4.05694688813534,4.35671218324363,3.96399319042031,4.14361564298857,4.49209717027928,3.37799303032568
"97",4.69233359384623,4.50998812480508,4.33060931374998,4.13893709916571,4.09237362238107,4.08195367921933,4.56291364256821,3.58070810050018
"98",4.47338076655962,4.5178155895968,4.05058014021115,4.32341769941936,4.1679546918127,3.87748785007387,4.04859168055913,3.38741967107067
"99",4.55455238888733,4.48536505404913,4.0514690107454,4.42179419682502,4.17243408961656,4.33893789547974,4.06530630166779,3.23986029852248
"100",4.4108981465854,4.74478976741868,4.34605760791644,4.16469154285832,4.18214589831985,4.12362132854079,3.80280977066785,3.45967447163538
"101",4.74408052713692,4.55258834995734,4.18208073636907,4.336618181416,4.328354322565,4.46248659432785,4.09784063915246,3.28035867377846
"102",4.47151611296784,4.14192604573829,4.19576049116325,4.44720270485526,4.07951204279679,4.1575135320319,4.24630538244636,3.42099026232115
"103",4.6811119303745,4.59578851107399,4.36354840274908,4.39956024738572,4.33583048723306,4.28305382730732,4.38385536243435,3.29680454013256
"104",4.5985616188746,4.22349565069105,4.33304117734304,4.56985420143637,4.05096445602802,4.19530084903607,4.31980445732819,3.14723982741834
"105",4.54416231536699,4.55681212133064,4.10874407333923,4.48823112146202,4.26513963454396,4.0488870084401,4.61198278624284,3.38413848019139
"106",4.56267088847903,4.23456279469071,4.21677441359329,4.17730335142365,4.11257717062931,4.17934044806481,4.13759684368406,3.48713224163152
"107",4.57921721146441,4.23069040476305,4.40792429438521,4.38839764421302,4.16572675879218,3.97980128083487,4.35456375511383,3.46449356618345
"108",4.47673767542282,4.43007182458346,4.46524408833454,4.29691961591525,4.17472492452711,4.13545104627491,4.13692975331284,3.3828530488964
"109",4.68272446304051,4.54584242512666,4.41140855647449,4.52884291565768,3.96577302168708,4.28463254123896,3.93489145682985,3.44315535333941
"110",4.56917344647853,4.3087169585334,4.53209587856463,4.15325353971773,4.3057593971495,4.28342253412027,4.30369059591347,3.28881994417584
"111",4.703158332568,4.52878739226412,4.18910376114487,3.89830323994872,4.16893734650256,4.20850517243012,4.15394680341988,3.38881018661219
"112",4.67357557051039,4.62455624891812,4.16632866582293,3.87008869249248,4.00264038262166,4.22405903116606,4.31689628215848,3.41350211668775
"113",4.51192827488958,4.05823543425778,4.15845705500457,3.87068312326053,4.08699566587576,4.2588462649766,4.24300329623477,3.42885012620668
"114",4.61281454310823,4.52365801985014,4.30544378894808,4.49109365020073,4.12663033653594,4.22373238403665,4.19355888955218,3.23035723448984
"115",4.48788449286544,4.63144526299099,4.49624761891081,4.14635388864581,4.32933504268291,4.41562610163372,4.47610588925027,3.21280683626131
"116",4.64978135587224,4.4325779501352,4.47929637330003,4.22148365719999,4.1694099715782,4.30308148959718,4.71541812960666,3.41928151441726
"117",4.58296792591104,4.41603823323135,4.46024045551282,4.39943975332744,4.30370196850693,4.24382952292271,4.31288702887785,3.57934447207786
"118",4.42278234846635,4.4481373675165,4.20480485589089,4.59758411451823,3.86012968180624,4.18794372621058,4.59849914359564,3.38050331118754
"119",4.63800368898416,4.50237851737809,3.92489803983171,4.22502907792786,3.95191718599857,4.25498769843336,4.03653698557925,3.42338400333864
"120",4.43916056951734,4.51850831909114,3.83367561246426,3.98425616310967,3.92381215865775,4.31551906589905,4.35553849838916,3.52533060038352
"121",4.67892302371207,4.45428574069689,4.48252066399525,4.47957294809865,3.78574816638957,4.24378608660247,4.33067324781894,3.38472173470309
"122",4.41962901482172,4.38063156091258,4.18542772466304,4.30877133451496,4.16653907181941,4.3214316540098,4.83962370183278,3.54558695748418
"123",4.49360295470967,4.24902297863257,4.12903380401076,4.7269299388398,4.02389311334725,4.21069041692504,4.20288810830682,3.14249177736976
"124",4.66916607537018,4.61768801824526,3.95902296711216,4.78025360497337,4.08484920507429,4.25585180137901,4.45522486332009,3.51034633364498
"125",4.54698605873707,4.44230813234617,4.48282604584159,4.21372724160123,4.13221796862709,4.28096842955454,4.33322187337232,3.62308080193239
"126",4.63141450283392,4.51687553170382,4.521016703261,4.71312363566827,4.08569694419775,4.21115611351609,4.2628414699706,3.32179287366975
"127",4.4904930040727,4.51427970163196,4.08314113178177,3.98689979218298,4.0974515546842,4.2429993420561,4.49192697633355,3.38665321339202
"128",4.52205940117221,4.36799636057375,4.13906217056583,4.61348193496966,4.4468819725649,4.05156371923735,4.6635337439253,3.21079514755088
"129",4.48850616125035,4.39623206598235,4.22749572235003,4.30287086821255,4.06594975724846,4.23465657678273,4.46252532803739,3.227569920691
"130",4.38751407387704,4.42410066189705,4.26772261475695,4.46859458917793,4.31358267849933,4.1614069667741,4.97140863841085,3.5459587570285
"131",4.5880277543796,4.69168108715589,4.40299426111166,4.50886099077669,4.05427991590448,4.20156669808767,4.40188137460437,3.4699153308068
"132",4.7459748982131,4.73994397369346,4.20756812086166,4.28512392802301,4.01242825579147,4.0889953847918,4.67371788945736,3.11620958450565
"133",4.5456676131311,4.28812850832171,4.10172333402375,4.38690257604537,4.20696611280793,4.0115492132616,3.93406603504502,3.23812462158199
"134",4.49595750134965,4.6473872643663,4.11654155331522,4.40383782470385,4.20636846962574,4.16163307179398,4.53316592832303,3.49807389084266
"135",4.64071692032459,4.32999511433873,3.95099200127472,4.30511757592072,4.07483464872124,3.96919288850107,4.25052972414431,3.35348824356765
"136",4.69131901026155,4.57141979736677,4.13601156326115,4.23252947284034,4.28172591029633,4.10600408894523,3.99964225200887,3.37936812231733
"137",4.65362581386592,4.49408876829779,4.42619581470426,4.43438722755658,4.43286744574988,4.36895454025979,4.30935662867816,3.53881966275375
"138",4.63108748414257,4.35719407605837,4.24843361044375,4.31630423338972,4.23587802781361,4.26017300167565,4.06141397127047,3.4458341787921
"139",4.60815634428645,4.82265945246443,3.98348530903067,4.46859991000369,4.22220333029534,4.19594988151975,4.80333293590695,3.51422654143622
"140",4.57628279102939,4.51664380848689,4.09366093766077,4.46296014395826,4.02200482493106,4.31356723263652,4.30426876097273,3.41675223411696
"141",4.59141984526108,4.27805332193476,4.12862010726822,4.26191003555384,4.35293509758767,4.20374985096958,4.35806359122886,3.60735547141618
"142",4.84898565172556,4.45159744170451,4.50798702867935,3.93122453195276,4.15681342983811,4.30475071968713,4.35848634548168,3.20192830411633
"143",4.73538239393284,4.61276038902145,4.15054029570303,4.26789509628243,4.23485805251915,4.17143392612362,4.28013866326751,3.4044308780022
"144",4.60251286512179,4.36139396861633,3.95671551071081,4.0579972593608,4.14609023503878,4.17349203322288,4.56554360874324,3.44088952972171
"145",4.60169894952938,4.7139249118356,4.30117940607186,4.5691025376798,3.98425601899345,4.24668295287039,4.65037421284253,3.13696874524963
"146",4.77765410688239,4.40831506559605,4.33796984086274,4.1475390882137,4.01928132389109,4.30352827260347,4.48379099120364,3.37143815516926
"147",4.71440679339728,4.75505006525077,4.35189780778794,4.18002851335079,4.29037254270199,4.0867985267681,4.37776748969371,3.57585691647105
"148",4.69352820666369,4.62570608100695,4.55349486439223,4.44685112491267,4.24054594466659,4.38788320782083,4.742762783978,3.31719530904381
"149",4.63545676324875,4.29952182487911,4.0919649374324,4.23269509794985,3.95352491051103,4.16275689283851,4.66231254897907,3.3212587577877
"150",4.48169014308451,4.48613157134225,4.17345880424039,4.65394844804739,3.90833540479916,4.23857096190458,4.51914822619897,3.44647013309792
"151",4.68235031996209,4.35308157005579,4.40173107416068,4.46701851553819,4.24189493742489,4.04585477825749,4.36298519504928,3.31850188024263
"152",4.60734362711645,4.36558427040256,4.01543184811915,4.27252417867692,4.11359542018774,4.13137055588329,4.47765818880154,3.5814965060375
"153",4.56523663289833,4.34596622870015,4.26722047117249,4.21887260170019,4.14781277066794,4.24633316221902,4.44203845741885,3.40750682951768
"154",4.61376520897324,4.44929736071544,4.29431737802093,4.14749711301465,4.05475308879787,4.18457430033127,4.71921224694636,3.3870403473368
"155",4.63158023866804,4.42145688530545,4.26191747206938,4.16073106565197,3.96136208722733,4.28701469067548,4.40454135882178,3.55871749794425
"156",4.48921142692678,4.53568720577,4.35256106062189,4.25360588420319,4.03990152645884,4.11791253919627,4.34593884946924,3.49114379913305
"157",4.67913259215237,4.54800299919886,4.32597375777142,4.20240106727603,4.12943541115054,4.22603712154686,4.79380765755119,3.38238076430721
"158",4.47000191952888,4.17454723592673,4.07206293163537,4.5722812743342,4.28156009256703,4.20383478434206,4.66370606777102,3.2387568845051
"159",4.70007657056816,4.5865093591193,4.19895896890668,4.23551609290336,4.20411838044459,4.32943927258441,4.48015577868205,3.44732292478955
"160",4.67678123439832,4.44682559684006,4.2615609955515,4.58353869818516,3.87390013826068,4.29396166485894,4.42353556045944,3.42807619131245
"161",4.68505851635406,4.1694459028199,4.30295015407745,4.39769539671014,4.044560304785,4.2878962496037,4.28217638783049,3.29059674902537
"162",4.63634901540259,4.4672414764068,4.41384058686726,4.05985921781464,4.16754048199193,4.05868416915918,4.59544017021353,3.55183572243565
"163",4.53192182714569,4.59101198712309,4.20506648260379,4.73450741151175,4.28796018566423,4.05979922011502,4.42970929276446,3.58599846295757
"164",4.62894876600732,4.33403965126908,4.13545620757402,4.23549112634593,4.01820332622905,4.22715905858564,4.4950998411889,3.38906461981911
"165",4.83396951446158,4.46458918307798,4.41285254920202,4.70848616613744,4.17912006114457,4.08561976470019,4.52452045322105,3.80369384162842
"166",4.47871269579836,4.69968907495885,4.15361462634055,4.52186675706402,4.07874266459928,4.07152952140021,4.64702971684233,3.55775344349383
"167",4.62639375660627,4.07686387290926,3.95693057100238,4.31301538880135,4.20369738694314,4.04196045651913,4.20247223853929,3.12552294809739
"168",4.80162676761977,4.59052170079559,4.28508629685429,3.99541266397569,3.81926513077762,4.22129649651817,4.38000261935643,3.46494547838285
"169",4.45027124858473,4.46826221368611,4.30922808249495,4.38762397159061,4.09324427139045,4.22886807084819,4.36645709979218,3.45280774549686
"170",4.66235177527974,4.53362326674411,4.24190267820165,4.44415266873908,4.20966595677439,4.29178046007064,3.94755978085847,3.43301569080072
"171",4.59704172515874,4.80279897849551,4.18540754348423,4.27465473385619,4.29295010294589,4.11615892628601,4.03058355966609,3.20638743234493
"172",4.72285465175895,4.50427243662039,4.19060156113158,4.56755763267249,4.15521855877699,4.24421348133126,4.29139979432403,3.38513910663013
"173",4.79971048496131,4.70689458550091,3.91037538701799,4.21443913790206,4.14610615387896,4.24779811633093,4.45269086016277,3.29868159183594
"174",4.55051206045788,4.64074760671056,4.10559637779609,4.42881834695052,3.87305525870699,4.20445690662135,4.40325163845931,3.46366041871611
"175",4.60529269017806,4.13628741082023,4.09959940653462,4.2616285210927,4.00372635660849,4.25028754957734,4.24815802190239,3.44145728812765
"176",4.51074934292474,4.28698525141672,3.86755249624668,4.29824779277993,3.9946673160922,4.350738795076,4.68896990056435,3.38136360428364
"177",4.6978365157105,4.48367544677199,4.68654283569916,4.44615962737993,4.13552367642739,4.14474366744888,4.48070717710111,3.38558624009621
"178",4.65819041959864,4.16707233490449,3.9539384466858,4.0214315120425,4.13196983672893,4.16168546845949,4.56731631494379,3.41775466571487
"179",4.51732557510268,4.5084310633119,4.12862253516374,4.2405209577238,3.77153700123351,4.25315739905265,4.52720191156364,3.54306635980896
"180",4.63681097770627,4.64849866729899,4.23533792098083,3.79683531329144,4.05250675132829,4.19720980238048,4.56363846950163,3.48497573380235
"181",4.61654089115505,4.32341597302854,4.59898506626752,4.38235338501592,4.20231112120947,4.16125734918216,4.74538280390204,3.64241566918151
"182",4.60740951560035,4.53908548678855,4.5852394972249,4.32068697132335,4.22822113258817,4.29392819211793,4.53362753238454,3.6675564568935
"183",4.65812038831775,4.32453847818643,4.1729722080596,4.5209112759919,4.15886985436357,4.13672161532428,4.28446192059828,3.44026864105483
"184",4.59123348026159,4.65435796756126,3.90769095535272,4.54568208177238,4.01603126084592,4.35733003763075,4.67455608596386,3.20478927446691
"185",4.73430045489745,4.63431011656187,3.8750046396213,4.24340159877445,4.1748316817073,4.15161360245193,4.80220303865014,3.46041773131337
"186",4.45175427587769,4.20330162107974,4.1682096056773,4.45009985474236,4.01098980484833,4.17989254083798,4.49680650768083,3.32264851336791
"187",4.67640242262153,4.69882390160039,4.17371589011406,4.50471546647536,3.91237274005669,4.12961115349827,4.6125399506361,3.25776687311185
"188",4.78301797317806,4.64525914733684,4.18165588785148,4.41000329155302,4.52978434285056,4.41415298335425,4.40692456452732,3.35983807621947
"189",4.5880118491462,4.67078334670735,4.09277832668587,3.96393752599872,4.11732946169939,4.30306019874542,4.2995922599618,3.30203693850766
"190",4.51800055741727,4.84178623659976,4.33249664075092,4.58114117794253,3.92346884221593,4.1623716443132,4.32075412926885,3.5024151542014
"191",4.67404020912633,4.18035793547827,4.23535972129344,4.33094781161643,3.96367027700637,4.18275581404841,4.50086167393096,3.50503887123434
"192",4.54558991764129,4.70897272989218,4.25412982141603,4.39893993748879,4.14954835896975,4.19437545512491,4.7159029578703,3.2241596149517
"193",4.49626114087427,4.23119533044818,4.29255563636775,4.59069520087579,3.84201535228659,4.15312893815426,4.32021656409825,3.44169349620487
"194",4.70706358260806,4.57249174925705,4.30370803521134,4.17706838395547,4.1839796205233,4.0399157958115,4.47425206695366,3.20671458983473
"195",4.67041615008166,4.66454825481034,4.30476614511933,4.08526816557294,3.79670371298187,4.29676059472301,4.12600599456317,3.4280013915701
"196",4.64553036293209,4.18774542824758,4.31016133912113,4.64633375527133,4.10504686067836,4.44747807475501,4.31860549087468,3.4846482955272
"197",4.6873882652398,4.51882729116009,4.12584697482233,4.58051346548263,3.99016189973439,3.99719640393421,4.09979997410813,3.50371817707471
"198",4.61003439581484,4.48727589246375,3.82371852823061,4.15349959117967,4.07437058355759,4.27589509942877,3.83468705919257,3.41256915533959
"199",4.7826519558246,4.53586691673625,4.23230384482256,4.20293292587617,4.16150513374478,4.14972736212125,4.07519233083172,3.35458309452606
"200",4.59139849618046,4.56746813751002,4.22602791322983,4.18744586775578,4.17761943133482,4.23123576553306,4.68480327198298,3.50886670149243
"201",4.66702979596918,4.57242953914904,3.93959413756861,4.51096680856713,4.2512481613563,4.13534329057183,4.61143622666233,3.58110670226556
"202",4.63639160065419,4.18252725769186,3.78565106684838,4.24150537690327,4.37744431419331,4.07166356078547,4.23792338533344,3.41082932526405
"203",4.48795673829148,4.54679082498698,4.1394650099403,4.36231589523798,3.98466407297804,4.28100728184087,4.39113291417392,3.17274546592405
"204",4.57676009814593,4.56758011020813,4.06179620813864,4.25751785641134,4.04687511847477,4.37324283693808,4.31891718909507,3.4572828955333
"205",4.53776032508996,4.23267303208224,4.07955827968492,4.50689854378914,4.14018590177469,4.27518853195421,4.72997605721541,3.33870969775691
"206",4.67657887376194,4.29635677285719,4.32494432523049,4.12295845262773,3.84106885358327,4.23864694886332,4.42038852292407,3.41311490288906
"207",4.37328042711486,4.35825566971349,4.16379418588224,4.01894107285126,3.89070377277068,4.08989143280723,4.24840932641212,3.36524716235619
"208",4.40728056685316,4.5977032078533,3.85475385909953,4.28115244342746,3.97360867430118,4.34798009671932,4.3245744221689,3.4140891161912
"209",4.68703184033021,4.45961461815082,4.55767263951517,4.08724517509679,4.18279189241234,4.12345744731754,4.18344598289876,3.57421133592456
"210",4.64112260746162,4.72319502833943,4.08316214127604,4.12088222507017,4.21041571686464,4.17527599224271,4.36679446375027,3.58896921154007
"211",4.55230464504988,4.54258231115605,4.00908153902026,4.56623266849101,4.12671264124353,4.22297284190622,4.90219798742535,3.48553516577977
"212",4.51386570983369,4.90342228334586,4.22869415706631,4.79866784728252,4.24403481726661,4.25038793160901,4.3914739723631,3.56596362808008
"213",4.46977444742809,4.58040375035755,4.16077859884613,4.02390819423794,3.79510678508543,4.1536775900763,4.34825599476688,3.55706198412929
"214",4.57233279405642,4.62741341946313,4.36572723154631,4.36977385522938,4.3699700452014,4.296398169992,3.71150070580061,3.48629693622111
"215",4.65166376154522,4.28768662627546,4.23637402965391,4.07314111690048,4.17375662138287,4.25281659289017,4.34506391978974,3.5854394319055
"216",4.63594080648514,4.60687778015329,4.2863353473479,4.07716061294801,4.41898118721243,4.15119484444947,4.01875207417363,3.57169195786312
"217",4.52111383254624,4.75607976881251,3.89122027357189,4.32186900815981,4.14635952797747,4.18181916613315,4.64659916184813,3.2197321192205
"218",4.73596325139563,4.0815605749244,4.24484267545506,4.56677741407777,3.91174556245122,4.12335193702086,4.45154774870216,3.54410894071125
"219",4.65898239538675,4.48569970897096,4.48502804016391,4.3408550649303,4.13948297296274,4.04850527040874,4.25242894627207,3.57680354803591
"220",4.75959053533355,4.42894969224221,4.32637978430771,4.73965159764865,4.0828130298803,4.16657539926068,4.39295719976486,3.37717377421664
"221",4.79141681476008,4.44756342332807,4.34384521323608,4.17167529467683,3.78780205491724,4.15498426316522,4.56821870342506,3.16290365848841
"222",4.69514113293403,4.51291052518525,4.07911968295679,4.10185473081618,3.94761823794446,3.97531108731124,4.74689909685018,3.63887955668932
"223",4.69002304366939,4.84352393368145,4.32050755228298,4.27351535524387,3.980726131777,4.39360050550042,4.3835078345716,3.49405045287422
"224",4.53848743461987,4.7450198519549,4.35259927021827,4.12290141444562,4.00747654644402,4.13121945735984,4.45920988834439,3.34464723512541
"225",4.68491963245687,4.62665918014556,4.26867934404364,4.2429282562853,4.32688880443209,4.169545112949,4.53457152703991,3.51029853541448
"226",4.64804567419385,4.55147417074765,3.97502523793474,4.31240241844689,4.16206521341127,4.18358497297197,4.33479114501217,3.3595822054047
"227",4.61548906332162,4.70681060847315,4.33332267434221,4.25196622614747,4.38509639834354,4.19668144498768,4.32384025782811,3.23251031496186
"228",4.58472811431104,4.42595877594498,4.21572360056828,3.96257115874102,4.25610568624313,4.15695140152982,4.68986147186603,3.55922313316433
"229",4.68059405095948,4.44345328797907,4.36496152135164,4.3957046568279,3.88011532636757,4.04601218275179,4.04449525217085,3.56295416915194
"230",4.67433483303913,4.42195867719236,4.17532651409127,4.29249498671183,4.28960729487811,4.20171123654554,4.69660037541033,3.29094419647365
"231",4.72911413279205,4.4939921688758,4.29016265631973,4.26241672091156,3.96215680041952,4.22047514133296,4.48513630783777,3.29303221247937
"232",4.69074358971391,4.4921279964762,4.17201960084019,4.10753271072986,3.85534707752843,4.34573780189694,4.49266474813557,3.37807648115539
"233",4.60875180441038,4.37559503307206,4.16988174364821,4.15256111370663,4.17588105662359,4.1353169838506,3.9327427812535,3.47861500346415
"234",4.52549851611857,4.45054113471364,4.32196587422677,4.52063918650986,4.26856178538544,4.21431583230706,4.61721603544897,3.48898430298767
"235",4.60044507991564,4.4271990089185,4.42775493092645,4.4336732369974,4.16625880203695,4.17722635616108,4.29623019813641,3.07713874470622
"236",4.65684696778514,4.47492994907547,4.08401772641631,4.47686933356455,3.91891786588531,4.29255973151103,4.05280394655071,3.53970206835374
"237",4.70524517439244,4.22714115004153,4.34110549985386,4.81309409885407,4.03876296085881,4.27451112405529,4.12190126582095,3.47700840890899
"238",4.73314708032561,4.52126177765537,4.14519891794793,4.21205805742982,3.99057041361897,4.43983291584014,3.79578916870904,3.39366180865279
"239",4.57627431646378,4.24565647732049,4.12341187449774,4.2455940963861,3.94319569872287,4.12717801405962,4.36027119815992,3.65638264752797
"240",4.35423993370367,4.66846631003893,4.17841933832134,4.34665655887711,3.94376891136525,4.18301566096077,4.1072003296611,3.36901487816356
"241",4.42737749128296,4.57468723494713,4.15873408003525,4.43929298204708,4.09702532001607,4.21958108674536,5.07694919530502,3.23027043757269
"242",4.5756260823511,4.51083403338119,4.41058566842065,4.71205586595587,3.99098258126559,4.20245261807178,4.413030051971,3.36105740759696
"243",4.55857916344276,4.58892293800703,4.25423435524195,4.45912611752985,4.32868580285624,4.20573044407792,4.13652960823133,3.47028896266559
"244",4.52291446123824,4.73419641734169,4.01360802278802,4.43476247218518,4.07825152202589,4.29459605729824,4.52271017873206,3.44611907141598
"245",4.44363940210924,4.49465157798654,4.27428195336053,4.33550842953288,3.74637149627981,4.08539557482801,3.93465466385021,3.54817601394272
"246",4.78706346335821,4.35707129970073,4.03895670002827,4.2885356771053,4.23534082149302,4.134913337526,4.39702895751749,3.31580929530311
"247",4.62376202028787,4.35381454993572,4.29897133972647,4.42787191465267,4.07943617196035,4.16203892720866,4.01982886353628,3.54990972374932
"248",4.57123038317295,4.3687193994067,4.38323094311476,4.30622217962512,4.17994802774458,4.17534087982739,4.76505965455519,3.36759923897369
"249",4.55155811695741,4.40009523246209,4.11644253149622,4.00794725271964,4.10451977212168,4.26076820402229,4.09607635853846,3.23511587727405
"250",4.61441075388087,4.69409926012208,4.18301823218007,4.6550604064933,4.0213846192433,4.11716000057968,4.38375592127658,3.25643561085397
"251",4.57285101973519,4.22898529343955,4.36278770424375,3.93656838314402,4.05705246670038,4.01065879912825,4.73233994981722,3.21995707556653
"252",4.7200744037296,4.32687891823974,4.20357253505818,4.38114833147278,4.18849295714463,4.16095749973144,4.19204318942391,3.45036903155105
"253",4.65652556813589,4.59676389760475,4.16761437926324,4.11872647364002,4.1178754727739,4.11468503837537,4.46988153731604,3.42965942456997
"254",4.60726534726767,4.45182098093782,4.65421687516014,4.19660751551938,3.89656259540489,4.11789150485975,4.32691087463248,3.18708856552036
"255",4.64324336435993,4.48460573497071,4.20409463055694,4.16946725464876,4.11428391850202,4.10888671552035,4.46400118222022,3.36295537329601
