Date,USD,BOV
1/2/2015,2.6532,48.51222
1/5/2015,2.6912,47.51682
1/7/2015,2.6966,48.00092
1/8/2015,2.6808,49.9433
1/9/2015,2.6597,48.84025
1/12/2015,2.6264,48.13974
1/13/2015,2.6702,48.04167
1/14/2015,2.6396,47.64587
1/15/2015,2.6121,48.02631
1/16/2015,2.6387,49.01652
1/19/2015,2.6169,47.75801
1/20/2015,2.6481,47.87666
1/21/2015,2.611,49.22408
1/23/2015,2.5707,48.7753
1/26/2015,2.5778,48.57655
1/27/2015,2.5799,48.59123
1/28/2015,2.5693,47.69454
1/29/2015,2.5731,47.76224
1/30/2015,2.6002,46.90768
2/2/2015,2.6788,47.65073
2/3/2015,2.7236,48.96366
2/4/2015,2.6911,49.30105
2/5/2015,2.7383,49.23385
2/6/2015,2.7416,48.79227
2/9/2015,2.7796,49.38258
2/10/2015,2.7663,48.51028
2/11/2015,2.8311,48.23967
2/12/2015,2.8655,49.53272
2/13/2015,2.817,50.63592
2/18/2015,2.8257,51.28036
2/19/2015,2.834,51.29403
2/20/2015,2.8633,51.2377
2/23/2015,2.8641,51.28064
2/24/2015,2.8747,51.87417
2/25/2015,2.857,51.81102
2/26/2015,2.8688,51.76054
2/27/2015,2.905,51.58309
3/2/2015,2.8368,51.02081
3/3/2015,2.8927,51.3041
3/4/2015,2.9279,50.46805
3/5/2015,2.9714,50.3652
3/6/2015,3.0001,49.98119
3/9/2015,3.057,49.18101
3/10/2015,3.1227,48.2934
3/11/2015,3.1016,48.90558
3/12/2015,3.1269,48.8804
3/13/2015,3.1631,48.59581
3/16/2015,3.245,48.84821
3/17/2015,3.2428,50.28512
3/18/2015,3.2462,51.52619
3/19/2015,3.2181,50.95353
3/20/2015,3.2904,51.96658
3/23/2015,3.2246,51.90846
3/24/2015,3.1283,51.50607
3/25/2015,3.1362,51.8583
3/26/2015,3.1973,50.57985
3/27/2015,3.1795,50.09466
3/30/2015,3.2412,51.24345
3/31/2015,3.226,51.15016
4/1/2015,3.1885,52.32176
4/2/2015,3.1643,53.12302
4/6/2015,3.1216,53.73726
4/7/2015,3.1216,53.72916
4/8/2015,3.1251,53.66111
4/9/2015,3.0461,53.80266
4/10/2015,3.0553,54.21411
4/13/2015,3.0718,54.23977
4/14/2015,3.1192,53.98192
4/15/2015,3.0646,54.91874
4/16/2015,3.0259,54.67421
4/17/2015,3.0186,53.95479
4/20/2015,3.0367,53.76127
4/22/2015,3.026,54.61736
4/23/2015,3.0052,55.68485
4/24/2015,2.9685,56.59422
4/27/2015,2.9483,55.5345
4/28/2015,2.9131,55.81203
4/29/2015,2.9348,55.32529
4/30/2015,2.9527,56.22938
5/4/2015,3.0111,57.35398
5/5/2015,3.083,58.05161
5/6/2015,3.0531,57.10314
5/7/2015,3.0287,56.92139
5/8/2015,3.0213,57.14933
5/11/2015,2.9712,57.1971
5/12/2015,3.0564,56.79205
5/13/2015,3.0175,56.37204
5/14/2015,3.0365,56.65657
5/15/2015,2.9899,57.24863
5/18/2015,2.9914,56.20423
5/19/2015,3.0058,55.49882
5/20/2015,3.0316,54.90102
5/21/2015,3.0017,55.11205
5/22/2015,3.0367,54.37729
5/25/2015,3.089,54.60926
5/26/2015,3.0932,53.62978
5/27/2015,3.148,54.23625
5/28/2015,3.1379,53.97628
5/29/2015,3.1584,52.76048
6/1/2015,3.1733,53.03132
6/2/2015,3.1695,54.23644
6/3/2015,3.1286,53.52291
6/5/2015,3.1402,52.97338
6/8/2015,3.1396,52.80964
6/9/2015,3.1099,52.81599
6/10/2015,3.0955,53.87645
6/11/2015,3.114,53.68852
6/12/2015,3.0871,53.34753
6/15/2015,3.1168,53.13753
6/16/2015,3.1235,53.70215
6/17/2015,3.0869,53.24854
6/18/2015,3.0504,54.23859
6/19/2015,3.0578,53.74942
6/22/2015,3.0932,53.86368
6/23/2015,3.0844,53.77243
6/24/2015,3.0738,53.84253
6/25/2015,3.0949,53.17567
6/26/2015,3.1244,54.01697
6/29/2015,3.1256,53.01421
6/30/2015,3.115,53.08088
7/1/2015,3.108,52.75754
7/2/2015,3.1455,53.10619
7/3/2015,3.094,52.51941
7/6/2015,3.1292,52.14937
7/7/2015,3.1351,52.34372
7/8/2015,3.1787,51.78175
7/10/2015,3.2211,52.59072
7/13/2015,3.1556,53.11947
7/14/2015,3.1312,53.23918
7/15/2015,3.1365,52.90228
7/16/2015,3.1356,53.06975
7/17/2015,3.1506,52.3418
7/20/2015,3.1852,51.60008
7/21/2015,3.1945,51.47428
7/22/2015,3.1719,50.91579
7/23/2015,3.2198,49.80663
7/24/2015,3.2842,49.24585
7/27/2015,3.356,48.73554
7/28/2015,3.3617,49.6016
7/29/2015,3.3545,50.24515
7/30/2015,3.3239,49.8974
7/31/2015,3.3708,50.86477
8/3/2015,3.4194,50.13805
8/4/2015,3.4488,50.05849
8/5/2015,3.4663,50.28727
8/6/2015,3.4838,50.01132
8/7/2015,3.5316,48.57732
8/10/2015,3.507,49.353
8/11/2015,3.4357,49.07234
8/12/2015,3.471,48.38805
8/13/2015,3.4751,48.00957
8/14/2015,3.5193,47.50841
8/17/2015,3.479,47.21743
8/18/2015,3.4766,47.45058
8/19/2015,3.4649,46.58839
8/20/2015,3.4883,46.64923
8/21/2015,3.4578,45.71964
8/24/2015,3.498,44.33647
8/25/2015,3.5481,44.54485
8/26/2015,3.6115,46.03808
8/27/2015,3.5941,47.71527
8/28/2015,3.5502,47.15387
8/31/2015,3.5787,46.62552
9/1/2015,3.6192,45.47706
9/2/2015,3.6925,46.46396
9/3/2015,3.7539,47.36587
9/4/2015,3.735,46.49772
9/8/2015,3.835,46.76207
9/9/2015,3.8159,46.6571
9/10/2015,3.7787,46.50399
9/11/2015,3.8481,46.40051
9/14/2015,3.8682,47.28152
9/15/2015,3.8107,47.36407
9/16/2015,3.8597,48.5531
9/17/2015,3.8286,48.55108
9/18/2015,3.8914,47.26408
9/21/2015,3.939,46.5902
9/22/2015,3.9814,46.26461
9/23/2015,4.0477,45.34011
9/24/2015,4.1751,45.29197
9/25/2015,3.933,44.83146
9/28/2015,3.9676,43.95663
9/29/2015,4.1037,44.13182
9/30/2015,4.0544,45.05935
10/1/2015,3.9457,45.31327
10/2/2015,3.9988,47.03346
10/5/2015,3.9275,47.59807
10/6/2015,3.9099,47.73511
10/7/2015,3.849,48.91432
10/8/2015,3.8803,49.10656
10/9/2015,3.7819,49.33841
10/13/2015,3.7605,47.36264
10/14/2015,3.8888,46.71044
10/15/2015,3.8071,47.16115
10/16/2015,3.7925,47.2361
10/19/2015,3.9207,47.44731
10/20/2015,3.8878,47.07655
10/21/2015,3.9023,47.02587
10/22/2015,3.9367,47.77214
10/23/2015,3.9023,47.59659
10/26/2015,3.8756,47.20932
10/27/2015,3.9039,47.04295
10/28/2015,3.8834,46.74085
10/29/2015,3.8972,45.62835
10/30/2015,3.8447,45.86882
11/3/2015,3.8702,48.05367
11/4/2015,3.7671,47.7101
11/5/2015,3.7956,48.04676
11/6/2015,3.7801,46.91852
11/9/2015,3.7663,46.19492
11/10/2015,3.7991,46.20657
11/11/2015,3.7454,47.06501
11/12/2015,3.7629,46.88358
11/13/2015,3.7669,46.51704
11/16/2015,3.8406,46.84687
11/17/2015,3.8256,47.2478
11/18/2015,3.8083,47.43558
11/19/2015,3.7671,48.13889
11/23/2015,3.6996,48.15027
11/24/2015,3.7289,48.28419
11/25/2015,3.6962,46.86664
11/26/2015,3.7394,47.14563
11/27/2015,3.7384,45.87292
11/30/2015,3.8436,45.12036
12/1/2015,3.8666,45.04675
12/2/2015,3.8506,44.91453
12/3/2015,3.8323,46.39326
12/4/2015,3.7559,45.36076
12/7/2015,3.7462,45.2227
12/8/2015,3.7595,44.44326
12/9/2015,3.8145,46.10803
12/10/2015,3.7427,45.63071
12/11/2015,3.8078,45.26272
12/14/2015,3.8127,44.74731
12/15/2015,3.8844,44.87247
12/16/2015,3.9059,45.01585
12/17/2015,3.8929,45.26148
12/18/2015,3.8763,43.9106
12/21/2015,3.9784,43.19995
12/22/2015,4.0114,43.46952
12/23/2015,3.9852,44.01493
12/28/2015,3.9082,43.76434
12/29/2015,3.8551,43.65397
12/30/2015,3.8641,43.34996
1/4/2016,3.9491,42.14104
1/5/2016,4.0373,42.41932
1/6/2016,4.0269,41.77314
1/7/2016,4.0199,40.69472
1/8/2016,4.0415,40.61221
1/11/2016,3.9932,39.95049
1/12/2016,4.05,39.51383
1/13/2016,4.0251,38.94444
1/14/2016,4.0141,39.50011
1/15/2016,4.0059,38.56913
1/18/2016,4.0043,37.93727
1/19/2016,4.0523,38.05701
1/20/2016,4.0584,37.64548
1/21/2016,4.1014,37.71711
1/22/2016,4.1538,38.03122
1/26/2016,4.0879,37.49748
1/27/2016,4.0669,38.37637
1/28/2016,4.1049,38.63019
1/29/2016,4.067,40.40599
2/1/2016,3.9971,40.57004
2/2/2016,3.9597,38.59617
2/3/2016,3.9853,39.58882
2/4/2016,3.8923,40.82174
2/5/2016,3.8862,40.59209
2/10/2016,3.8815,40.37658
2/11/2016,3.9267,39.3183
2/12/2016,3.9875,39.80805
2/15/2016,3.9682,40.09289
2/16/2016,3.9953,40.9477
2/17/2016,4.0625,41.63082
2/18/2016,3.9809,41.47763
2/19/2016,4.0246,41.54341
2/22/2016,4.0164,43.23485
2/23/2016,3.9428,42.43726
2/24/2016,3.9535,42.08456
2/25/2016,3.9544,41.8879
2/26/2016,3.9519,41.59308
2/29/2016,3.9647,42.79386
3/1/2016,4.0129,44.12179
3/2/2016,3.9223,44.89348
3/3/2016,3.8893,47.19339
3/4/2016,3.7961,49.08487
3/7/2016,3.7688,49.2461
3/8/2016,3.7812,49.10214
3/9/2016,3.7527,48.66509
3/10/2016,3.6769,49.57111
3/11/2016,3.614,49.63868
3/14/2016,3.5717,48.86733
3/15/2016,3.655,47.13002
3/16/2016,3.7623,47.76343
3/17/2016,3.7366,50.91379
3/18/2016,3.6206,50.81466
3/21/2016,3.6211,51.17155
3/22/2016,3.6126,51.01019
3/23/2016,3.5778,49.69005
3/24/2016,3.6801,49.65739
3/28/2016,3.6835,50.83823
3/29/2016,3.6772,51.15499
3/30/2016,3.634,51.24892
3/31/2016,3.5961,50.05527
4/1/2016,3.5871,50.56153
4/4/2016,3.5486,48.77999
4/5/2016,3.6172,49.05362
4/6/2016,3.6737,48.09624
4/7/2016,3.6364,48.5131
4/11/2016,3.5862,50.16548
4/12/2016,3.4877,52.00186
4/13/2016,3.4825,53.14984
4/14/2016,3.4935,52.41102
4/15/2016,3.4725,53.22774
4/18/2016,3.531,52.89408
4/19/2016,3.6099,53.71005
4/20/2016,3.5248,53.63093
4/22/2016,3.5244,52.90788
4/25/2016,3.5623,51.86171
4/26/2016,3.5498,53.0825
4/27/2016,3.5202,54.47778
4/28/2016,3.5215,54.31197
4/29/2016,3.4797,53.91051
5/2/2016,3.4328,53.56153
5/3/2016,3.4965,52.26019
5/4/2016,3.5552,52.5528
5/5/2016,3.5438,51.67104
5/6/2016,3.5331,51.71783
5/9/2016,3.499,50.99007
5/10/2016,3.513,53.07091
5/11/2016,3.4704,52.76446
5/12/2016,3.447,53.24132
5/13/2016,3.4771,51.80431
5/16/2016,3.5302,51.80292
5/17/2016,3.4956,50.83944
5/18/2016,3.4861,50.5617
5/19/2016,3.5585,50.13253
5/20/2016,3.5609,49.72275
5/23/2016,3.5573,49.33042
5/24/2016,3.5665,49.34519
5/25/2016,3.5673,49.48286
5/27/2016,3.5827,49.05149
5/30/2016,3.6089,48.96434
5/31/2016,3.5674,48.47171
6/1/2016,3.5844,49.01265
6/2/2016,3.591,49.88724
6/3/2016,3.5801,50.6195
6/6/2016,3.5245,50.4318
6/7/2016,3.4845,50.48786
6/8/2016,3.4349,51.62929
6/9/2016,3.3575,51.11846
6/10/2016,3.3962,49.42216
6/13/2016,3.4158,49.66079
6/14/2016,3.4773,48.6483
6/15/2016,3.4751,48.91474
6/16/2016,3.4693,49.41162
6/17/2016,3.4613,49.53384
6/20/2016,3.4128,50.32936
6/21/2016,3.3917,50.83781
6/22/2016,3.4121,50.1563
6/23/2016,3.3742,51.55982
6/24/2016,3.3369,50.10526
6/27/2016,3.3677,49.24553
6/28/2016,3.3893,50.00656
6/29/2016,3.3025,51.00191
6/30/2016,3.2376,51.52693
7/1/2016,3.2104,52.23304
7/4/2016,3.2306,52.56866
7/5/2016,3.2871,51.84227
7/6/2016,3.2991,51.90181
7/7/2016,3.327,52.01466
7/8/2016,3.3602,53.14074
7/11/2016,3.2977,53.96012
7/12/2016,3.3072,54.25641
7/13/2016,3.2931,54.59829
7/14/2016,3.2616,55.48087
7/15/2016,3.2484,55.57824
7/18/2016,3.2766,56.48422
7/19/2016,3.2494,56.69806
7/20/2016,3.2479,56.57805
7/21/2016,3.2522,56.64149
7/22/2016,3.2686,57.00208
7/25/2016,3.2515,56.87273
7/26/2016,3.2821,56.78275
7/27/2016,3.27,56.85284
7/28/2016,3.257,56.66712
7/29/2016,3.2819,57.30821
8/1/2016,3.2462,56.75576
8/2/2016,3.2584,56.16238
8/3/2016,3.2528,57.07691
8/4/2016,3.2346,57.5939
8/5/2016,3.1869,57.66114
8/8/2016,3.1607,57.63543
8/9/2016,3.1686,57.68942
8/10/2016,3.1429,56.91978
8/11/2016,3.1247,58.29957
8/12/2016,3.139,58.29841
8/15/2016,3.1905,59.14598
8/16/2016,3.1848,58.85543
8/17/2016,3.2012,59.32383
8/18/2016,3.2048,59.16602
8/19/2016,3.238,59.09892
8/22/2016,3.2045,57.78124
8/23/2016,3.1987,58.02003
8/24/2016,3.2355,57.71788
8/25/2016,3.2233,57.72214
8/26/2016,3.2286,57.71625
8/29/2016,3.2641,58.61039
8/30/2016,3.2276,58.57542
8/31/2016,3.2368,57.90111
9/1/2016,3.226,58.23627
9/2/2016,3.2532,59.6164
9/5/2016,3.256,59.56635
9/6/2016,3.2672,60.12944
9/8/2016,3.1907,60.23166
9/9/2016,3.2141,57.99973
9/12/2016,3.2717,58.58611
9/13/2016,3.2469,56.82077
9/14/2016,3.3141,57.05946
9/15/2016,3.3435,57.90949
9/16/2016,3.2998,57.07976
9/19/2016,3.2655,57.35038
9/20/2016,3.2712,57.73646
9/21/2016,3.2562,58.39392
9/22/2016,3.2096,58.99417
9/23/2016,3.2174,58.697
9/26/2016,3.2421,58.05353
9/27/2016,3.2406,58.38249
9/28/2016,3.2328,59.35577
9/29/2016,3.2178,58.35057
9/30/2016,3.2589,58.36705
10/3/2016,3.2598,59.46123
10/4/2016,3.2087,59.33923
10/5/2016,3.2568,60.25434
10/6/2016,3.2159,60.64424
10/7/2016,3.227,61.10898
10/10/2016,3.2193,61.66833
10/11/2016,3.2031,61.02185
10/13/2016,3.2007,61.11858
10/14/2016,3.1773,61.76722
10/17/2016,3.2028,62.69611
10/18/2016,3.2042,63.78221
10/19/2016,3.1854,63.50561
10/20/2016,3.1661,63.83785
10/21/2016,3.1391,64.10808
10/24/2016,3.1525,64.05989
10/25/2016,3.1245,63.8662
10/26/2016,3.1104,63.82569
10/27/2016,3.1388,64.24951
10/28/2016,3.1653,64.30763
10/31/2016,3.2031,64.92452
11/1/2016,3.1982,63.32642
11/3/2016,3.2526,61.75017
11/4/2016,3.2581,61.59839
11/7/2016,3.2323,64.05165
11/8/2016,3.2009,64.15768
11/9/2016,3.1676,63.25827
11/10/2016,3.233,61.20096
11/11/2016,3.3956,59.18351
11/14/2016,3.39,59.65747
11/16/2016,3.4417,60.75932
11/17/2016,3.4507,59.77047
11/18/2016,3.4321,59.96176
11/21/2016,3.3823,61.07027
11/22/2016,3.3874,61.95447
11/23/2016,3.3636,61.98591
11/24/2016,3.4311,61.39553
11/25/2016,3.3907,61.55908
11/28/2016,3.421,62.8555
11/29/2016,3.4072,60.98652
11/30/2016,3.4538,61.90636
12/1/2016,3.4063,59.50654
12/2/2016,3.573,60.31613
12/5/2016,3.4747,59.83173
12/6/2016,3.42,61.08825
12/7/2016,3.4063,61.4144
12/8/2016,3.3816,60.67657
12/9/2016,3.3737,60.50062
12/12/2016,3.377,59.17862
12/13/2016,3.3373,59.28057
12/14/2016,3.3342,58.21212
12/15/2016,3.369,58.39616
12/16/2016,3.3657,58.38904
12/19/2016,3.3904,57.111
12/20/2016,3.3639,57.58289
12/21/2016,3.3531,57.64652
12/22/2016,3.3254,57.25522
12/23/2016,3.2863,57.93711
12/26/2016,3.2695,58.62026
12/27/2016,3.2696,58.69669
12/28/2016,3.2694,59.78163
12/29/2016,3.2825,60.22729
1/2/2017,3.2532,59.5887
1/3/2017,3.284,61.81383
1/4/2017,3.2635,61.58906
1/5/2017,3.2141,62.07098
1/6/2017,3.1977,61.66537
1/9/2017,3.2222,61.70029
1/10/2017,3.1955,62.1318
1/11/2017,3.1945,62.44626
1/12/2017,3.1963,63.95393
1/13/2017,3.1868,63.65152
1/16/2017,3.1868,63.83128
1/17/2017,3.2405,64.35434
1/18/2017,3.2098,64.14958
1/19/2017,3.2296,63.95086
1/20/2017,3.1949,64.52118
1/23/2017,3.1423,65.74863
1/24/2017,3.1617,65.84009
1/26/2017,3.1685,66.19062
1/27/2017,3.1761,66.03399
1/30/2017,3.1096,64.30173
1/31/2017,3.1255,64.67078
2/1/2017,3.1501,64.83613
2/2/2017,3.128,64.57822
2/3/2017,3.1225,64.95393
2/6/2017,3.1195,63.99294
2/7/2017,3.1137,64.1989
2/8/2017,3.1167,64.8354
2/9/2017,3.1159,64.96489
2/10/2017,3.1288,66.12453
2/13/2017,3.1071,66.96764
2/14/2017,3.1101,66.71288
2/15/2017,3.0812,67.97558
2/16/2017,3.0561,67.81424
2/17/2017,3.0875,67.74842
2/20/2017,3.0955,68.53286
2/21/2017,3.0855,69.05203
2/22/2017,3.0939,68.58954
2/23/2017,3.0623,67.46139
2/24/2017,3.0603,66.66211
3/1/2017,3.108,66.98888
3/2/2017,3.0882,65.85493
3/3/2017,3.1546,66.78553
3/6/2017,3.12,66.34137
3/7/2017,3.1372,65.74233
3/8/2017,3.1159,64.71802
3/9/2017,3.1593,64.58524
3/10/2017,3.1913,64.67546
3/13/2017,3.1475,65.5343
3/14/2017,3.1524,64.69946
3/15/2017,3.1637,66.23488
3/16/2017,3.0999,65.78285
3/17/2017,3.1193,64.20994
3/20/2017,3.0866,64.88427
3/21/2017,3.071,62.98037
3/22/2017,3.0868,63.52133
3/23/2017,3.0848,63.53079
3/24/2017,3.1381,63.85377
3/27/2017,3.1097,64.30839
3/28/2017,3.1252,64.64045
3/29/2017,3.1384,65.52829
3/30/2017,3.1221,65.26598
3/31/2017,3.1477,64.98407
4/3/2017,3.1218,65.21148
4/4/2017,3.113,65.76891
4/5/2017,3.0956,64.77477
4/6/2017,3.1196,64.22272
4/7/2017,3.1415,64.59311
4/10/2017,3.1447,64.64982
4/11/2017,3.1318,64.35979
4/12/2017,3.1368,63.89168
4/13/2017,3.1235,62.82628
4/17/2017,3.1437,64.33493
4/18/2017,3.1303,64.15884
4/19/2017,3.1065,63.40697
4/20/2017,3.1483,63.76062
4/24/2017,3.1468,64.38902
4/25/2017,3.127,65.14835
4/26/2017,3.1472,64.86192
4/27/2017,3.1711,64.67655
4/28/2017,3.1811,65.40325
5/2/2017,3.1751,66.72175
5/3/2017,3.1502,66.09378
5/4/2017,3.1621,64.86261
5/5/2017,3.1849,65.70974
5/8/2017,3.1777,65.52605
5/9/2017,3.1964,66.27767
5/10/2017,3.1868,67.34973
5/11/2017,3.1657,67.53761
5/12/2017,3.139,68.22194
5/15/2017,3.1777,68.47419
5/16/2017,3.1082,68.6845
5/17/2017,3.0958,67.54025
5/18/2017,3.1334,61.59706
5/19/2017,3.369,62.63931
5/22/2017,3.2533,61.67349
5/23/2017,3.2654,62.66248
5/24/2017,3.2686,63.25736
5/25/2017,3.2742,63.22679
5/26/2017,3.2735,64.08541
5/29/2017,3.1777,63.76094
5/30/2017,3.2554,63.96226
5/31/2017,3.2562,62.71147
6/1/2017,3.2251,62.28852
6/2/2017,3.249,62.51069
6/5/2017,3.2492,62.45045
6/6/2017,3.2961,62.95469
6/7/2017,3.276,63.17073
6/8/2017,3.2673,62.75558
6/9/2017,3.2596,62.21056
6/12/2017,3.1777,61.70023
6/13/2017,3.3167,61.82899
6/14/2017,3.3144,61.92293
6/16/2017,3.2736,61.62641
6/19/2017,3.2886,62.01403
6/20/2017,3.2811,60.76616
6/21/2017,3.3255,60.76174
6/22/2017,3.3334,61.27222
6/23/2017,3.3397,61.08714
6/26/2017,3.3415,62.18809
6/27/2017,3.2948,61.67546
6/28/2017,3.312,62.01797
6/29/2017,3.2795,62.23896
6/30/2017,3.3027,62.89997
7/3/2017,3.1777,63.27958
7/4/2017,3.3005,63.23159
7/5/2017,3.3092,63.15417
7/6/2017,3.287,62.47033
7/7/2017,3.2973,62.3224
7/10/2017,3.1777,63.02547
7/11/2017,3.2537,63.83215
7/12/2017,3.2531,64.83555
7/13/2017,3.2068,65.17835
7/14/2017,3.21,65.43618
7/17/2017,3.1777,65.21231
7/18/2017,3.1812,65.33767
7/19/2017,3.1527,65.17992
7/20/2017,3.1477,64.93802
7/21/2017,3.1184,64.68418
7/24/2017,3.1777,65.09955
7/25/2017,3.1444,65.66763
7/26/2017,3.1712,65.01057
7/27/2017,3.1375,65.27738
7/28/2017,3.1526,65.49713
7/31/2017,3.1777,65.92036
8/1/2017,3.1258,66.51624
8/2/2017,3.1228,67.13599
8/3/2017,3.1122,66.77713
8/4/2017,3.1115,66.89799
8/7/2017,3.1293,67.93966
8/8/2017,3.1242,67.89894
8/9/2017,3.1259,67.67107
8/10/2017,3.1523,66.99209
8/11/2017,3.1736,67.35859
8/14/2017,3.1777,68.28466
8/15/2017,3.1872,68.35512
8/16/2017,3.1676,68.59429
8/17/2017,3.1514,67.9768
8/18/2017,3.1733,68.71466
8/21/2017,3.1777,68.63465
8/22/2017,3.163,70.01125
8/23/2017,3.1605,70.47763
8/24/2017,3.1393,71.1328
8/25/2017,3.1465,71.07365
8/28/2017,3.1587,71.01659
8/29/2017,3.1658,71.32985
8/30/2017,3.1642,70.88626
8/31/2017,3.1588,70.83505
9/1/2017,3.146,71.92311
9/4/2017,3.1777,72.12883
9/5/2017,3.1394,72.15088
9/6/2017,3.1158,73.41241
9/8/2017,3.0976,73.07885
9/11/2017,3.1777,74.31922
9/12/2017,3.0997,74.53855
9/13/2017,3.1219,74.78757
9/14/2017,3.1316,74.65668
9/15/2017,3.1181,75.75652
9/18/2017,3.1097,75.99041
9/19/2017,3.1349,75.97418
9/20/2017,3.1328,76.00415
9/21/2017,3.1306,75.60434
9/22/2017,3.1345,75.38975
9/25/2017,3.1235,74.44347
9/26/2017,3.1573,74.31872
9/27/2017,3.1639,73.79671
9/28/2017,3.1919,73.56725
9/29/2017,3.1809,74.29351
10/2/2017,3.1634,74.35983
10/3/2017,3.1529,76.76291
10/4/2017,3.1408,76.59144
10/5/2017,3.1332,76.61753
10/6/2017,3.1524,76.05472
10/9/2017,3.1555,75.72681
10/10/2017,3.1868,76.89721
10/11/2017,3.1778,76.6598
10/13/2017,3.169,76.98979
10/16/2017,3.1462,76.89184
10/17/2017,3.1703,76.20125
10/18/2017,3.1561,76.59109
10/19/2017,3.1701,76.28316
10/20/2017,3.1649,76.39051
10/23/2017,3.1909,75.41313
10/24/2017,3.2344,76.35019
10/25/2017,3.2426,76.67113
10/26/2017,3.2312,75.89635
10/27/2017,3.2865,75.97571
10/30/2017,3.2348,74.80033
10/31/2017,3.2873,74.30849
11/1/2017,3.2696,73.82374
11/3/2017,3.2646,73.91543
11/6/2017,3.2926,74.31079
11/7/2017,3.2479,72.41488
11/8/2017,3.2701,74.36313
11/9/2017,3.2513,72.93069
11/10/2017,3.2487,72.16564
11/13/2017,3.2764,72.47517
11/14/2017,3.2759,70.82659
11/16/2017,3.31,72.51179
11/17/2017,3.2706,73.43728
11/21/2017,3.254,74.59461
11/22/2017,3.2573,74.51879
11/23/2017,3.2229,74.48658
11/24/2017,3.2203,74.15737
11/27/2017,3.2329,74.05892
11/28/2017,3.2264,74.13972
11/29/2017,3.2097,72.70045
11/30/2017,3.2448,71.97099
12/1/2017,3.2712,72.26445
12/4/2017,3.2574,73.09017
12/5/2017,3.2426,72.54617
12/6/2017,3.2403,73.26835
12/7/2017,3.2343,72.48746
12/8/2017,3.2872,72.73184
12/11/2017,3.2878,72.80004
12/12/2017,3.3033,73.81353
12/13/2017,3.3031,72.91433
12/14/2017,3.3086,72.42893
12/15/2017,3.3404,72.6077
12/18/2017,3.292,73.11545
12/19/2017,3.2905,72.68037
12/20/2017,3.2885,73.36703
12/21/2017,3.2965,75.13343
12/22/2017,3.3068,75.18653
12/26/2017,3.3355,75.70773
12/27/2017,3.3097,76.07254
12/28/2017,3.3133,76.40208
1/2/2018,3.311,77.89104
1/3/2018,3.2578,77.99516
1/4/2018,3.2355,78.64742
1/5/2018,3.2331,79.07147
1/8/2018,3.2266,79.37854
1/9/2018,3.239,78.86354
1/10/2018,3.2468,78.20057
1/11/2018,3.2264,79.36544
1/12/2018,3.2142,79.34912
1/15/2018,3.2007,79.75237
1/16/2018,3.2132,79.83176
1/17/2018,3.2227,81.18916
1/18/2018,3.2222,80.96265
1/19/2018,3.2051,81.2195
1/22/2018,3.1947,81.67542
1/23/2018,3.2007,80.64343
1/24/2018,3.2355,83.68
1/26/2018,3.1469,85.53084
1/29/2018,3.151,84.69801
1/30/2018,3.1536,84.48246
1/31/2018,3.1795,84.9127
2/1/2018,3.1847,85.49524
2/2/2018,3.1637,84.04134
2/5/2018,3.2154,81.86109
2/6/2018,3.2611,83.89404
2/7/2018,3.2334,82.76673
2/8/2018,3.2699,81.53253
2/9/2018,3.2846,80.8987
2/14/2018,3.2942,83.54284
2/15/2018,3.2162,84.29057
2/16/2018,3.2264,84.52458
2/19/2018,3.2282,84.79271
2/20/2018,3.2331,85.80396
2/21/2018,3.2543,86.05182
2/22/2018,3.2676,86.68645
2/23/2018,3.2487,87.29324
2/26/2018,3.2372,87.65264
2/27/2018,3.2225,86.93544
2/28/2018,3.2485,85.3536
3/1/2018,3.2448,85.37779
3/2/2018,3.25,85.76134
3/5/2018,3.2496,86.02283
3/6/2018,3.241,85.65302
3/7/2018,3.208,85.48355
3/8/2018,3.2429,84.98461
3/9/2018,3.2661,86.37141
3/12/2018,3.2561,86.90043
3/13/2018,3.2603,86.38385
3/14/2018,3.2587,86.05096
3/15/2018,3.2585,84.9282
3/16/2018,3.2821,84.88649
3/19/2018,3.2801,83.91306
3/20/2018,3.2841,84.1638
3/21/2018,3.3087,84.97659
3/22/2018,3.2727,84.76788
3/23/2018,3.3141,84.37719
3/26/2018,3.3145,85.08786
3/27/2018,3.3103,83.80806
3/28/2018,3.3229,83.87414
3/29/2018,3.3193,85.36556
4/2/2018,3.302,84.66644
4/3/2018,3.3094,84.62346
4/4/2018,3.3394,84.35969
4/5/2018,3.3277,85.20966
4/6/2018,3.3416,84.82042
4/9/2018,3.3675,83.30723
4/10/2018,3.421,84.51036
4/11/2018,3.4073,85.24559
4/12/2018,3.3731,85.44353
4/13/2018,3.411,84.33441
4/16/2018,3.4243,82.86158
4/17/2018,3.4161,84.08613
4/18/2018,3.4058,85.77646
4/19/2018,3.3771,85.82426
4/20/2018,3.3827,85.55009
4/23/2018,3.4137,85.6025
4/24/2018,3.4489,85.46908
4/25/2018,3.4715,85.04439
4/26/2018,3.4809,86.3832
4/27/2018,3.4742,86.44466
4/30/2018,3.4581,86.1155
5/2/2018,3.5061,84.54709
5/3/2018,3.5496,83.28814
5/4/2018,3.5266,83.11803
5/7/2018,3.5255,82.71443
5/8/2018,3.5492,82.95605
5/9/2018,3.5619,84.26549
5/10/2018,3.5903,85.8612
5/11/2018,3.5495,85.22024
5/14/2018,3.6029,85.23218
5/15/2018,3.6216,85.13042
5/16/2018,3.6487,86.53697
5/17/2018,3.6744,83.62195
5/18/2018,3.6951,83.08188
5/21/2018,3.7384,81.81532
5/22/2018,3.6757,82.73888
5/23/2018,3.646,80.86729
5/24/2018,3.6256,80.12231
5/25/2018,3.6481,78.89766
5/28/2018,3.6262,75.35584
5/29/2018,3.7342,76.07197
5/30/2018,3.7241,76.75361
6/1/2018,3.722,77.23975
6/4/2018,3.7616,78.59606
6/5/2018,3.7445,76.64172
6/6/2018,3.8043,76.11722
6/7/2018,3.8434,73.85146
6/8/2018,3.9007,72.94207
6/11/2018,3.7049,72.30777
6/12/2018,3.7088,72.75413
6/13/2018,3.715,72.12214
6/14/2018,3.7188,71.42119
6/15/2018,3.804,70.75773
6/18/2018,3.7287,69.81474
6/19/2018,3.7462,71.39434
6/20/2018,3.745,72.12341
6/21/2018,3.7691,70.0749
6/22/2018,3.7651,70.64065
6/25/2018,3.7863,70.95297
6/26/2018,3.7751,71.40459
6/27/2018,3.7958,70.609
6/28/2018,3.8601,71.76652
6/29/2018,3.8595,72.76251
7/2/2018,3.8756,72.83974
7/3/2018,3.9126,73.66775
7/4/2018,3.8963,74.74311
7/5/2018,3.911,74.55306
7/6/2018,3.9313,75.01039
7/10/2018,3.8713,74.86238
7/11/2018,3.8151,74.39855
7/12/2018,3.8761,75.85622
7/13/2018,3.8807,76.59435
7/16/2018,3.8494,76.65258
7/17/2018,3.856,78.1303
7/18/2018,3.8359,77.36263
7/19/2018,3.8492,77.48684
7/20/2018,3.8285,78.57129
7/23/2018,3.7708,77.99612
7/24/2018,3.7804,79.15498
7/25/2018,3.7461,80.21804
7/26/2018,3.6864,79.40534
7/27/2018,3.7443,79.8661
7/30/2018,3.7111,80.27559
7/31/2018,3.7281,79.22043
8/1/2018,3.753,79.30165
8/2/2018,3.747,79.63669
8/3/2018,3.7484,81.43498
8/6/2018,3.7023,81.05076
8/7/2018,3.7345,80.34652
8/8/2018,3.7505,79.1517
8/9/2018,3.7701,78.76799
8/10/2018,3.7996,76.51435
8/13/2018,3.8654,77.49645
8/14/2018,3.882,78.60211
8/15/2018,3.8644,77.07799
8/16/2018,3.9006,76.81872
8/17/2018,3.9039,76.0285
8/20/2018,3.9098,76.32789
8/21/2018,3.966,75.1804
8/22/2018,4.0485,76.9023
8/23/2018,4.0369,75.63377
8/24/2018,4.1123,76.26223
8/27/2018,4.1028,77.92968
8/28/2018,4.0775,77.47318
8/29/2018,4.1339,78.38883
8/30/2018,4.1055,76.40409
8/31/2018,4.1486,76.67753
9/3/2018,4.0537,76.19273
9/4/2018,4.1548,74.7118
9/5/2018,4.1537,75.09227
9/6/2018,4.1431,76.41601
9/10/2018,4.0438,76.43635
9/11/2018,4.0846,74.65651
9/12/2018,4.1516,75.12481
9/13/2018,4.1598,74.68667
9/14/2018,4.205,75.42909
9/17/2018,4.172,76.78885
9/18/2018,4.1321,78.31396
9/19/2018,4.1584,78.16866
9/20/2018,4.1303,78.11601
9/21/2018,4.076,79.44429
9/24/2018,4.05,77.98418
9/25/2018,4.0913,78.63014
9/26/2018,4.0736,78.65616
9/27/2018,4.0308,80.00009
9/28/2018,4.012,79.34242
10/1/2018,4.0527,78.62366
10/2/2018,4.0164,81.61228
10/3/2018,3.9395,83.2734
10/4/2018,3.9004,82.95281
10/5/2018,3.8739,82.32152
10/8/2018,3.8358,86.08391
10/9/2018,3.7772,86.08755
10/10/2018,3.7148,83.67911
10/11/2018,3.7548,82.92108
10/15/2018,3.7816,83.35976
10/16/2018,3.7339,85.71756
10/17/2018,3.7236,85.76395
10/18/2018,3.6862,83.84712
10/19/2018,3.7203,84.21974
10/22/2018,3.7109,85.59669
10/23/2018,3.6823,85.30003
10/24/2018,3.6924,83.06356
10/25/2018,3.7311,84.08351
10/26/2018,3.7049,85.71987
10/29/2018,3.6416,83.79671
10/30/2018,3.7158,86.88571
10/31/2018,3.6946,87.42355
11/1/2018,3.7207,88.41905
11/5/2018,3.7,89.59816
11/6/2018,3.7246,88.66892
11/7/2018,3.7599,87.71435
11/8/2018,3.7304,85.62013
11/9/2018,3.7592,85.64121
11/12/2018,3.7294,85.5247
11/13/2018,3.7664,84.91411
11/14/2018,3.8014,85.97306
11/16/2018,3.7824,88.51527
11/19/2018,3.7425,87.90083
11/21/2018,3.7557,87.2688
11/22/2018,3.7961,87.47744
11/23/2018,3.8031,86.23022
11/26/2018,3.673,85.54651
11/27/2018,3.9397,87.89118
11/28/2018,3.8735,89.25082
11/29/2018,3.8492,89.70956
11/30/2018,3.851,89.50403
12/3/2018,3.8652,89.82009
12/4/2018,3.8408,88.62445
12/5/2018,3.8511,89.03979
12/6/2018,3.8674,88.84648
12/7/2018,3.8778,88.11507
12/10/2018,3.9058,85.91471
12/11/2018,3.9167,86.41957
12/12/2018,3.9026,86.97746
12/13/2018,3.8541,87.83759
12/14/2018,3.8907,87.4495
12/17/2018,3.9155,86.39968
12/18/2018,3.8976,86.61049
12/19/2018,3.9109,85.67352
12/20/2018,3.8962,85.26929
12/21/2018,3.8389,85.69715
12/26/2018,3.9028,85.1361
12/27/2018,3.9206,85.4602
12/28/2018,3.8715,87.88726
1/2/2019,3.8799,91.01231
1/3/2019,3.7863,91.56425
1/4/2019,3.7551,91.84079
1/7/2019,3.6612,91.69905
1/8/2019,3.7341,92.03186
1/9/2019,3.7124,93.61304
1/10/2019,3.68,93.80593
1/11/2019,3.7079,93.65831
1/14/2019,3.6596,94.47413
1/15/2019,3.6975,94.05572
1/16/2019,3.7164,94.39307
1/17/2019,3.7343,95.35109
1/18/2019,3.7489,96.09675
1/21/2019,3.7502,96.00977
1/22/2019,3.7514,95.10338
1/23/2019,3.812,96.55842
1/24/2019,3.7623,97.67719
1/28/2019,3.7696,95.44388
1/29/2019,3.7596,95.63933
1/30/2019,3.7185,96.99621
1/31/2019,3.6814,97.39374
2/1/2019,3.6428,97.86127
2/4/2019,3.6573,98.58863
2/5/2019,3.667,98.3112
2/6/2019,3.6683,94.63557
2/7/2019,3.6947,94.40559
2/8/2019,3.7149,95.3431
2/11/2019,3.7286,94.41291
2/12/2019,3.7552,96.1684
2/13/2019,3.708,95.8424
2/14/2019,3.7532,98.01509
2/15/2019,3.722,97.52591
2/19/2019,3.7317,97.65915
2/20/2019,3.722,96.54481
2/21/2019,3.724,96.93227
2/22/2019,3.7665,97.8856
2/25/2019,3.7463,97.2399
2/26/2019,3.7504,97.6025
2/27/2019,3.7471,97.30731
2/28/2019,3.7273,95.58435
3/1/2019,3.7475,94.60375
3/6/2019,3.7744,94.21687
3/7/2019,3.8368,94.34017
3/8/2019,3.8693,95.36485
3/11/2019,3.8134,98.02662
3/12/2019,3.8373,97.82803
3/13/2019,3.8116,98.90388
3/14/2019,3.8133,98.60467
3/15/2019,3.8405,99.13674
3/18/2019,3.813,99.99392
3/19/2019,3.79,99.58837
3/20/2019,3.7877,98.04137
3/21/2019,3.7742,96.72908
3/22/2019,3.791,93.73515
3/25/2019,3.906,93.66201
3/26/2019,3.8536,95.30682
3/27/2019,3.875,91.9034
3/28/2019,3.9882,94.38894
3/29/2019,3.8977,95.41455
4/1/2019,3.9225,96.05445
4/2/2019,3.8485,95.38676
4/3/2019,3.8523,94.49148
4/4/2019,3.8683,96.31306
4/5/2019,3.8559,97.10817
4/8/2019,3.874,97.36929
4/9/2019,3.8482,96.29179
4/10/2019,3.848,95.95345
4/11/2019,3.824,94.7547
4/12/2019,3.8558,92.875
4/15/2019,3.8803,93.08297
4/16/2019,3.8704,94.33331
4/17/2019,3.9038,93.28475
4/18/2019,3.9367,94.57826
4/22/2019,3.9345,94.58806
4/23/2019,3.9341,95.92324
4/24/2019,3.9183,95.04543
4/25/2019,3.9896,96.55203
4/26/2019,3.9527,96.23604
4/29/2019,3.9292,96.18775
4/30/2019,3.9443,96.35333
5/2/2019,3.9193,95.52762
5/3/2019,3.9662,96.00789
5/6/2019,3.9366,95.00866
5/7/2019,3.9682,94.38873
5/8/2019,3.9687,95.59661
5/9/2019,3.9263,94.80785
5/10/2019,3.9454,94.25756
5/13/2019,3.9597,91.72654
5/14/2019,3.9905,92.09244
5/15/2019,3.9751,91.62344
5/16/2019,3.9999,90.02447
5/17/2019,4.0462,89.99273
5/20/2019,4.0974,91.94619
5/21/2019,4.0949,94.48463
5/22/2019,4.0359,94.36066
5/23/2019,4.0368,93.91003
5/24/2019,4.0387,93.6278
5/27/2019,4.0212,94.86425
5/28/2019,4.0421,96.39276
5/29/2019,4.0236,96.56655
5/30/2019,3.9734,97.45736
5/31/2019,3.98,97.03032
6/3/2019,3.9242,97.02048
6/4/2019,3.8841,97.38028
6/5/2019,3.8536,95.99875
6/6/2019,3.8794,97.20485
6/7/2019,3.8784,97.82126
6/10/2019,3.8765,97.46669
6/11/2019,3.8845,98.96
6/12/2019,3.8551,98.32088
6/13/2019,3.8659,98.7737
6/14/2019,3.8482,98.04006
6/17/2019,3.8945,97.62325
6/18/2019,3.887,99.40439
6/19/2019,3.8595,100.30341
6/21/2019,3.8377,102.01264
6/24/2019,3.8205,102.06233
6/25/2019,3.8256,100.09295
6/26/2019,3.8455,100.68863
6/27/2019,3.8429,100.72397
6/28/2019,3.816,100.9672
7/1/2019,3.8495,101.33968
7/2/2019,3.8396,100.60517
7/3/2019,3.8439,102.04311
7/4/2019,3.825,103.63617
7/5/2019,3.8008,104.08947
7/8/2019,3.8191,104.53022
7/10/2019,3.799,105.81706
7/11/2019,3.7503,105.14644
7/12/2019,3.7548,103.90599
7/15/2019,3.7344,103.80269
7/16/2019,3.7537,103.77541
7/17/2019,3.7672,103.85553
7/18/2019,3.7618,104.71659
7/19/2019,3.7174,103.45193
7/22/2019,3.7459,103.94946
7/23/2019,3.7398,103.70428
7/24/2019,3.7724,104.11954
7/25/2019,3.7713,102.65458
7/26/2019,3.7752,102.81893
7/29/2019,3.7735,103.48263
7/30/2019,3.7801,102.93276
7/31/2019,3.7893,101.81213
8/1/2019,3.8117,102.12594
8/2/2019,3.8373,102.67368
8/5/2019,3.8839,100.09775
8/6/2019,3.9731,102.16369
8/7/2019,3.9587,102.78237
8/8/2019,3.9674,104.11523
8/9/2019,3.9176,103.99616
8/12/2019,3.9402,101.91522
8/13/2019,3.9839,103.29947
8/14/2019,3.9624,100.25801
8/15/2019,4.0503,99.05691
8/16/2019,3.9901,99.80578
8/19/2019,4.0046,99.46867
8/20/2019,4.0732,99.22225
8/21/2019,4.0517,101.2019
8/22/2019,4.024,100.01128
8/23/2019,4.068,97.66749
8/26/2019,4.1262,96.4296
8/27/2019,4.1515,97.27619
8/28/2019,4.12645,98.19353
8/29/2019,4.1692,100.52443
8/30/2019,4.1681,101.13461
9/2/2019,4.1439,100.62574
9/3/2019,4.1844,99.68083
9/4/2019,4.1651,101.20089
9/5/2019,4.0932,102.243
9/6/2019,4.106,102.93543
9/9/2019,4.0613,103.18059
9/10/2019,4.0934,103.0315
9/11/2019,4.0795,103.4456
9/12/2019,4.0642,104.37091
9/13/2019,4.0589,103.50118
9/16/2019,4.0855,103.68041
9/17/2019,4.0793,104.61686
9/18/2019,4.076,104.53193
9/19/2019,4.1073,104.33916
9/20/2019,4.1666,104.8174
9/23/2019,4.1483,104.63782
9/24/2019,4.1615,103.87566
9/25/2019,4.1617,104.48098
9/26/2019,4.1471,105.3194
9/27/2019,4.1692,105.07763
9/30/2019,4.1571,104.74532
10/1/2019,4.1548,104.0534
10/2/2019,4.1546,101.03144
10/3/2019,4.1244,101.51604
10/4/2019,4.0829,102.55132
10/7/2019,4.0546,100.57277
10/8/2019,4.1051,99.9814
10/9/2019,4.0909,101.24878
10/10/2019,4.1083,101.81713
10/11/2019,4.1084,103.83192
10/14/2019,4.1085,104.30158
10/15/2019,4.1237,104.48956
10/16/2019,4.1786,105.4228
10/17/2019,4.1486,105.01577
10/18/2019,4.1611,104.72889
10/21/2019,4.1111,106.02228
10/22/2019,4.124764,107.38111
10/23/2019,4.0784,107.54359
10/24/2019,4.0331,106.98615
10/25/2019,4.0393,107.36377
10/28/2019,4.0029,108.18706
10/29/2019,3.9888,107.55626
10/30/2019,3.9967,108.40754
10/31/2019,3.9862,107.21983
11/1/2019,4.016,108.19563
11/4/2019,3.9894,108.77933
11/5/2019,4.0108,108.71902
11/6/2019,3.992,108.36022
11/7/2019,4.0823,109.58057
11/8/2019,4.0995,107.62898
11/11/2019,4.1334,108.36744
11/12/2019,4.1513,106.75111
11/13/2019,4.1679,106.05995
11/14/2019,4.1686,106.55688
11/18/2019,4.1948,106.26925
11/19/2019,4.2164,105.86418
11/21/2019,4.195,107.49673
11/22/2019,4.1917,108.69228
11/25/2019,4.195,108.42393
11/26/2019,4.2254,107.0594
11/27/2019,4.2318,107.70775
11/28/2019,4.2627,108.29009
11/29/2019,4.188,108.23328
12/2/2019,4.2361,108.92783
12/3/2019,4.2223,108.95602
12/4/2019,4.204,110.30093
12/5/2019,4.2061,110.62227
12/6/2019,4.1846,111.12575
12/9/2019,4.1189,110.97723
12/10/2019,4.1411,110.67201
12/11/2019,4.1446,110.96387
12/12/2019,4.1237,112.19974
12/13/2019,4.087248,112.56486
12/16/2019,4.0858,111.89604
12/17/2019,4.0619,112.61566
12/18/2019,4.0702,114.31465
12/19/2019,4.059663,115.13125
12/20/2019,4.0688,115.12108
12/23/2019,4.0799,115.86329
12/26/2019,4.083,117.2032
12/27/2019,4.0547,116.53398
12/30/2019,4.0223,115.64534
1/2/2020,4.0163,118.5731
1/3/2020,4.0234,117.70666
1/6/2020,4.057,116.87792
1/7/2020,4.0604,116.66194
1/8/2020,4.0662,116.24703
1/9/2020,4.0628,115.94711
1/10/2020,4.0921,115.50342
1/13/2020,4.0705,117.32528
1/14/2020,4.1458,117.6324
1/15/2020,4.1313,116.41435
1/16/2020,4.1742,116.70421
1/17/2020,4.1836,118.4783
1/20/2020,4.1616,118.86163
1/21/2020,4.1885,117.02604
1/22/2020,4.2109,118.39136
1/23/2020,4.1813,119.52763
1/24/2020,4.1691,118.37636
1/27/2020,4.1595,114.48184
1/28/2020,4.2061,116.47898
1/29/2020,4.1934,115.38484
1/30/2020,4.2289,115.52804
1/31/2020,4.2422,113.76057
2/3/2020,4.2826,114.62921
2/4/2020,4.2468,115.55671
2/5/2020,4.2537,116.02827
2/6/2020,4.2336,115.18997
2/7/2020,4.2808,113.77029
2/10/2020,4.3204,112.5703
2/11/2020,4.320975,115.37061
2/12/2020,4.327531,116.67413
2/13/2020,4.3545,115.6624
2/14/2020,4.346767,114.38071
2/17/2020,4.297,115.30908
2/18/2020,4.3265,114.97729
2/19/2020,4.3548,116.51759
2/20/2020,4.364,114.58624
2/21/2020,4.3923,113.68142
2/26/2020,4.3868,105.71829
2/27/2020,4.4491,102.98354
2/28/2020,4.4848,104.17157
3/2/2020,4.4413,106.62541
3/3/2020,4.4724,105.53714
3/4/2020,4.5132,107.22422
3/5/2020,4.5834,102.23324
3/6/2020,4.6062,97.99677
3/9/2020,4.5898,86.0672
3/10/2020,4.7229,92.21447
3/11/2020,4.6421,85.17113
3/12/2020,4.8138,72.58253
3/13/2020,4.7902,82.67791
3/16/2020,4.8526,71.16805
3/17/2020,4.999,74.61724
3/18/2020,5.0097,66.89495
3/19/2020,5.103962,70.06416
3/20/2020,5.0942,66.95472
3/23/2020,5.0455,63.56962
3/24/2020,5.1417,69.7293
3/25/2020,5.0981,74.95557
3/26/2020,5.0337,77.70966
3/27/2020,5.0226,73.42878
3/30/2020,5.104629,74.63948
3/31/2020,5.1927,73.01976
4/1/2020,5.2035,70.9667
4/2/2020,5.2482,72.25346
4/3/2020,5.2553,69.53756
4/6/2020,5.3485,74.07298
4/7/2020,5.2853,76.35809
4/8/2020,5.2217,78.62462
4/9/2020,5.1235,77.68194
4/13/2020,5.1055,78.83582
4/14/2020,5.1985,79.91836
4/15/2020,5.162,78.83146
4/16/2020,5.237,77.81185
4/17/2020,5.2309,78.99029
4/20/2020,5.2327,78.97276
4/22/2020,5.315,80.68715
4/23/2020,5.4569,79.6733
4/24/2020,5.5331,75.33061
4/27/2020,5.5726,78.2386
4/28/2020,5.6526,81.31223
4/29/2020,5.4974,83.1708
4/30/2020,5.3348,80.50589
5/4/2020,5.477,78.87622
5/5/2020,5.5406,79.47078
5/6/2020,5.5781,79.06368
5/7/2020,5.7152,78.11857
5/8/2020,5.828719,80.26335
5/11/2020,5.477,79.0646
5/12/2020,5.8171,77.87195
5/13/2020,5.8848,77.7722
5/14/2020,5.8864,79.01081
5/15/2020,5.8094,77.55662
5/18/2020,5.8552,81.19429
5/19/2020,5.719,80.74235
5/20/2020,5.7552,81.31945
5/21/2020,5.6905,83.02709
5/22/2020,5.5524,82.17321
5/25/2020,5.5287,85.66348
5/26/2020,5.4434,85.46891
5/27/2020,5.344,87.94625
5/28/2020,5.2727,86.94909
5/29/2020,5.4036,87.40259
6/1/2020,5.3348,88.6201
6/2/2020,5.3665,91.04638
6/3/2020,5.1993,93.00214
6/4/2020,5.0616,93.82861
6/5/2020,5.1172,94.63706
6/8/2020,4.9595,97.64467
6/9/2020,4.8216,96.74655
6/10/2020,4.8984,94.68598
6/12/2020,4.975,92.79527
6/15/2020,5.0478,92.37552
6/16/2020,5.153207,93.53117
6/17/2020,5.2436,95.54729
6/18/2020,5.2279,96.12524
6/19/2020,5.3772,96.5721
6/22/2020,5.31,95.33596
6/23/2020,5.2519,95.97516
6/24/2020,5.151,94.37736
6/25/2020,5.3466,95.98309
6/26/2020,5.3595,93.83449
6/29/2020,5.4809,95.73535
6/30/2020,5.4021,95.05582
7/1/2020,5.4617,96.2032
7/2/2020,5.3162,96.23496
7/3/2020,5.3589,96.76485
7/6/2020,5.3114,98.93716
7/7/2020,5.3543,97.76104
7/8/2020,5.3778,99.76988
7/10/2020,5.3378,100.03183
7/13/2020,5.3269,98.69706
7/14/2020,5.4015,100.44023
7/15/2020,5.3668,101.79054
7/16/2020,5.366948,100.55327
7/17/2020,5.3307,102.88825
7/20/2020,5.3853,104.42637
7/21/2020,5.3277,104.30974
7/22/2020,5.1698,104.28957
7/23/2020,5.1181,102.29331
7/24/2020,5.2106,102.38158
7/27/2020,5.2291,104.47708
7/28/2020,5.141422,104.10907
7/29/2020,5.1523,105.60517
7/30/2020,5.1688,105.0087
7/31/2020,5.1539,102.91224
8/3/2020,5.2212,102.82996
8/4/2020,5.3187,101.21587
8/5/2020,5.2902,102.80176
8/6/2020,5.2909,104.12564
8/7/2020,5.3313,102.77555
8/10/2020,5.4372,103.44448
8/11/2020,5.4805,102.1744
8/12/2020,5.3804,102.11779
8/13/2020,5.435,100.4606
8/14/2020,5.367,101.35345
8/17/2020,5.4208,99.59541
8/18/2020,5.5083,102.06535
8/19/2020,5.4654,100.85372
8/20/2020,5.5564,101.46787
8/21/2020,5.5559,101.52129
8/24/2020,5.6186,102.29795
8/25/2020,5.6106,102.11764
8/26/2020,5.5074,100.62733
8/27/2020,5.6072,100.62364
8/28/2020,5.5687,102.14293
8/31/2020,5.39,99.36915
9/1/2020,5.4909,102.16765
9/2/2020,5.3973,101.91113
9/3/2020,5.3387,100.72136
9/4/2020,5.2899,101.24173
9/8/2020,5.2983,100.05043
9/9/2020,5.3606,101.29205
9/10/2020,5.3085,98.83459
9/11/2020,5.3205,98.36322
9/14/2020,5.3162,100.27452
9/15/2020,5.2683,100.29791
9/16/2020,5.2743,99.67568
9/17/2020,5.236,100.09783
9/18/2020,5.2378,98.28971
9/21/2020,5.3898,96.99072
9/22/2020,5.4126,97.29354
9/23/2020,5.4699,95.73482
9/24/2020,5.5924,97.01207
9/25/2020,5.5084,96.99938
9/28/2020,5.5611,94.66637
9/29/2020,5.6602,93.58035
9/30/2020,5.6305,94.60338
10/1/2020,5.6084,95.47852
10/2/2020,5.642,94.01568
10/5/2020,5.6816,96.08919
10/6/2020,5.5734,95.61503
10/7/2020,5.5938,95.52626
10/8/2020,5.6113,97.91973
10/9/2020,5.5986,97.48331
10/13/2020,5.5297,98.50282
10/14/2020,5.5685,99.33443
10/15/2020,5.5905,99.05406
10/16/2020,5.6112,98.30912
10/19/2020,5.6448,98.65765
10/20/2020,5.6056,100.53983
10/21/2020,5.6042,100.55244
10/22/2020,5.6078,101.91773
10/23/2020,5.5913,101.25975
10/26/2020,5.619251,101.01696
10/27/2020,5.6227,99.60554
10/28/2020,5.7052,95.36876
10/29/2020,5.7449,96.58216
10/30/2020,5.7778,93.9524
11/3/2020,5.7411,95.97971
11/4/2020,5.7549,97.86681
11/5/2020,5.663,100.7514
11/6/2020,5.5234,100.92511
11/9/2020,5.3627,103.51516
11/10/2020,5.3847,105.06696
11/11/2020,5.4139,104.80883
11/12/2020,5.39,102.50701
11/13/2020,5.4567,104.723
11/16/2020,5.457,106.42992
11/17/2020,5.4149,107.24863
11/18/2020,5.3272,106.11909
11/19/2020,5.3617,106.6699
11/20/2020,5.3045,106.04248
11/23/2020,5.3781,107.37892
11/24/2020,5.4406,109.7863
11/25/2020,5.3726,110.13253
11/26/2020,5.3226,110.22709
11/27/2020,5.3353,110.57547
11/30/2020,5.3425,108.89332
12/1/2020,5.3311,111.39991
12/2/2020,5.2049,111.87853
12/3/2020,5.2163,112.29159
12/4/2020,5.151,113.75022
12/7/2020,5.1544,113.58977
12/8/2020,5.0983,113.79306
12/9/2020,5.1197,113.00116
12/10/2020,5.1697,115.12863
12/11/2020,5.0242,115.128
12/14/2020,5.0642,114.61112
12/15/2020,5.1177,116.14863
12/16/2020,5.078884,117.85735
12/17/2020,5.0832,118.40057
12/18/2020,5.0569,118.02367
12/21/2020,5.1006,115.82257
12/22/2020,5.118938,116.63618
12/23/2020,5.156655,117.80685
12/28/2020,5.2153,119.1237
12/29/2020,5.2459,119.40915
12/30/2020,5.2086,119.01724
1/4/2021,5.1919,118.85471
1/5/2021,5.2953,119.37621
1/6/2021,5.2841,119.10008
1/7/2021,5.3129,122.38592
1/8/2021,5.4088,125.07663
1/11/2021,5.412188,123.25513
1/12/2021,5.4877,123.998
1/13/2021,5.3214,121.93308
1/14/2021,5.2975,123.48052
1/15/2021,5.1958,120.3488
1/18/2021,5.2913,121.24163
1/19/2021,5.2948,120.63639
1/20/2021,5.3567,119.6464
1/21/2021,5.2905,118.32899
1/22/2021,5.3495,117.38049
1/26/2021,5.4655,116.46406
1/27/2021,5.3538,115.8823
1/28/2021,5.4126,118.88325
1/29/2021,5.437989,115.06755
2/1/2021,5.4608,117.51757
2/2/2021,5.4305,118.23381
2/3/2021,5.3669,119.72472
2/4/2021,5.352,119.26082
2/5/2021,5.4257,120.24026
2/8/2021,5.3692,119.69636
2/9/2021,5.3643,119.47162
2/10/2021,5.3767,118.43533
2/11/2021,5.3849,119.29983
2/12/2021,5.3654,119.42872
2/17/2021,5.3694,120.35579
2/18/2021,5.4098,119.19897
2/19/2021,5.4258,118.43053
2/22/2021,5.3807,112.6677
2/23/2021,5.4634,115.22746
2/24/2021,5.4396,115.66778
2/25/2021,5.402964,112.25636
2/26/2021,5.528025,110.03517
3/1/2021,5.5976,110.33483
3/2/2021,5.6407,111.5398
3/3/2021,5.6751,111.18395
3/4/2021,5.6175,112.69017
3/5/2021,5.6683,115.20223
3/8/2021,5.6895,110.61158
3/9/2021,5.8746,111.33062
3/10/2021,5.8015,112.77649
3/11/2021,5.6711,114.98376
3/12/2021,5.5348,114.1604
3/15/2021,5.495156,114.85074
3/16/2021,5.6145,114.01878
3/17/2021,5.6234,116.54944
3/18/2021,5.5831,114.83543
3/19/2021,5.5587,116.22158
3/22/2021,5.493563,114.97886
3/23/2021,5.5055,113.2618
3/24/2021,5.5204,112.06419
3/25/2021,5.6196,113.7499
3/26/2021,5.6484,114.78062
3/29/2021,5.7524,115.41872
3/30/2021,5.7808,116.84967
3/31/2021,5.7716,116.63372
4/1/2021,5.6313,115.25331
4/5/2021,5.7106,117.51844
4/6/2021,5.6627,117.49887
4/7/2021,5.5932,117.62358
4/8/2021,5.6121,118.31323
4/9/2021,5.5666,117.6699
4/12/2021,5.6793,118.81174
4/13/2021,5.7322,119.29713
4/14/2021,5.7163,120.29468
4/15/2021,5.6529,120.70067
4/16/2021,5.615,121.11393
4/19/2021,5.5858,120.93378
4/20/2021,5.5453,120.06199
4/22/2021,5.5679,119.37148
4/23/2021,5.4432,120.53006
4/26/2021,5.4772,120.59461
4/27/2021,5.4353,119.38837
4/28/2021,5.451,121.05252
4/29/2021,5.3414,120.06575
4/30/2021,5.3364,118.89384
5/3/2021,5.4397,119.20948
5/4/2021,5.4381,117.712
5/5/2021,5.4426,119.56444
5/6/2021,5.3527,119.92061
5/7/2021,5.273431,122.03811
5/10/2021,5.2355,121.90903
5/11/2021,5.2222,122.96401
5/12/2021,5.2212,119.71003
5/13/2021,5.3031,120.70591
5/14/2021,5.3077,121.88082
5/17/2021,5.2695,122.93787
5/18/2021,5.2715,122.97996
5/19/2021,5.2595,122.6363
5/20/2021,5.308,122.70079
5/21/2021,5.2813,122.59247
5/24/2021,5.3618,124.03162
5/25/2021,5.3185,122.98771
5/26/2021,5.3307,123.98917
5/27/2021,5.3105,124.36657
5/28/2021,5.2382,125.56137
5/31/2021,5.238,126.21573
6/1/2021,5.2166,128.26705
6/2/2021,5.1497,129.60144
6/4/2021,5.0763,130.12578
6/7/2021,5.0446,130.77627
6/8/2021,5.0452,129.78711
6/9/2021,5.0349,129.9068
6/10/2021,5.0615,130.07617
6/11/2021,5.0545,129.44103
6/14/2021,5.117,130.20796
6/15/2021,5.0586,130.09108
6/16/2021,5.0438,129.25949
6/17/2021,5.0543,128.05722
6/18/2021,5.0074,128.40535
6/21/2021,5.096,129.26496
6/22/2021,5.0131,128.76745
6/23/2021,4.9571,128.42798
6/24/2021,4.9652,129.51362
6/25/2021,4.9127,127.25561
6/28/2021,4.9154,127.42917
6/29/2021,4.9248,127.32744
6/30/2021,4.9551,126.80166
7/1/2021,4.9692,125.66619
7/2/2021,5.045102,127.62165
7/5/2021,5.0592,126.92005
7/6/2021,5.088459,125.09488
7/7/2021,5.1953,127.01871
7/8/2021,5.2312,125.42777
7/12/2021,5.2579,127.59383
7/13/2021,5.1727,128.16774
7/14/2021,5.1624,128.40651
7/15/2021,5.0699,127.46788
7/16/2021,5.11,125.96026
7/19/2021,5.1154,124.39457
7/20/2021,5.2509,125.40136
7/21/2021,5.2199,125.92925
7/22/2021,5.1873,126.14666
7/23/2021,5.1996,125.05278
7/26/2021,5.1979,126.00386
7/27/2021,5.1754,124.61203
7/28/2021,5.1691,126.28559
7/29/2021,5.1148,125.67533
7/30/2021,5.0804,121.80079
8/2/2021,5.2087,122.51574
8/3/2021,5.1746,123.57656
8/4/2021,5.1968,121.80121
8/5/2021,5.1682,121.63292
8/6/2021,5.2452,122.81036
8/9/2021,5.232,123.01938
8/10/2021,5.2318,122.20247
8/11/2021,5.1883,122.05634
8/12/2021,5.2182,120.70098
8/13/2021,5.2522,121.19375
8/16/2021,5.2475,119.18003
8/17/2021,5.2597,117.90381
8/18/2021,5.2943,116.64262
8/19/2021,5.3786,117.16469
8/20/2021,5.4141,118.05277
8/23/2021,5.379,117.47167
8/24/2021,5.3799,120.21075
8/25/2021,5.2458,120.81771
8/26/2021,5.211,118.72397
8/27/2021,5.2516,120.6776
8/30/2021,5.2028,119.73996
8/31/2021,5.1829,118.78103
9/1/2021,5.1493,119.3956
9/2/2021,5.1846,116.67708
9/3/2021,5.1818,116.93324
9/6/2021,5.1898,117.86863
9/8/2021,5.1696,113.41284
9/9/2021,5.3206,115.36086
9/10/2021,5.1965,114.28593
9/13/2021,5.247,116.40372
9/14/2021,5.2132,116.18055
9/15/2021,5.2389,115.06254
9/16/2021,5.2217,113.79428
9/17/2021,5.2568,111.43937
9/20/2021,5.2897,108.84374
9/21/2021,5.3232,110.24973
9/22/2021,5.2689,112.28228
9/23/2021,5.2877,114.06436
9/24/2021,5.3019,113.28267
9/27/2021,5.337,113.58301
9/28/2021,5.3904,110.12385
9/29/2021,5.4276,111.10683
9/30/2021,5.4143,110.9791
10/1/2021,5.4417,112.89964
10/4/2021,5.3679,110.39309
10/5/2021,5.4532,110.45764
10/6/2021,5.4755,110.55957
10/7/2021,5.4919,110.58543
10/8/2021,5.517,112.8332
10/11/2021,5.5069,112.18048
10/13/2021,5.5315,113.45592
10/14/2021,5.5125,113.18548
10/15/2021,5.5137,114.64799
10/18/2021,5.4597,114.42818
10/19/2021,5.5128,110.67276
10/20/2021,5.5848,110.78643
10/21/2021,5.5978,107.73501
10/22/2021,5.6593,106.29618
10/25/2021,5.6504,108.71455
10/26/2021,5.5556,106.41953
10/27/2021,5.5666,106.3631
10/28/2021,5.5365,105.70496
10/29/2021,5.646,103.50071
11/1/2021,5.6358,105.55086
11/3/2021,5.6801,105.61688
11/4/2021,5.5535,103.41209
11/5/2021,5.6032,104.82423
11/8/2021,5.5433,104.78113
11/9/2021,5.5446,105.53508
11/10/2021,5.4806,105.96751
11/11/2021,5.4918,107.59467
11/12/2021,5.3995,106.33454
11/16/2021,5.457809,104.40366
11/17/2021,5.5037,102.94845
11/18/2021,5.5302,102.426
11/19/2021,5.5579,103.03502
11/22/2021,5.6136,102.12237
11/23/2021,5.5872,103.65382
11/24/2021,5.5721,104.51419
11/25/2021,5.6062,105.81125
11/26/2021,5.5666,102.22426
11/29/2021,5.6097,102.81403
11/30/2021,5.6023,101.91545
12/1/2021,5.624079,100.77457
12/2/2021,5.695634,104.46624
12/3/2021,5.646861,105.06969
12/6/2021,5.653734,106.85887
12/7/2021,5.6892,107.55767
12/8/2021,5.6128,108.09553
12/9/2021,5.5333,106.29124
12/10/2021,5.5726,107.75834
12/13/2021,5.612196,107.38332
12/14/2021,5.6813,106.75992
12/15/2021,5.6822,107.43118
12/16/2021,5.6809,108.32633
12/17/2021,5.6889,107.20056
12/20/2021,5.69633,105.01978
12/21/2021,5.743,105.49988
12/22/2021,5.7457,105.24372
12/23/2021,5.6545,104.89132
12/27/2021,5.674861,105.5544
12/28/2021,5.6256,104.86417
12/29/2021,5.6288,104.10724
12/30/2021,5.7042,104.82244
1/3/2022,5.5713,103.92159
1/4/2022,5.6824,103.51364
1/5/2022,5.6776,101.00564
1/6/2022,5.709171,101.56105
1/7/2022,5.6839,102.71947
1/10/2022,5.6358,101.9452
1/11/2022,5.6635,103.77898
1/12/2022,5.5693,105.68566
1/13/2022,5.5347,105.5295
1/14/2022,5.5282,106.92779
1/17/2022,5.5349,106.37387
1/18/2022,5.5173,106.66766
1/19/2022,5.5672,108.01347
1/20/2022,5.4387,109.10199
1/21/2022,5.419845,108.94168
1/24/2022,5.4587,107.93711
1/25/2022,5.4876,110.20377
1/26/2022,5.444243,111.28918
1/27/2022,5.432726,112.61165
1/28/2022,5.407074,111.9101
1/31/2022,5.3676,112.14351
2/1/2022,5.3046,113.22831
2/2/2022,5.2662,111.89436
2/3/2022,5.2624,111.69594
2/4/2022,5.2844,112.24494
2/7/2022,5.3285,111.9964
2/8/2022,5.2638,112.23446
2/9/2022,5.26,112.46139
2/10/2022,5.236,113.36777
2/11/2022,5.2502,113.57235
2/14/2022,5.25398,113.89919
2/15/2022,5.2154,114.82818
2/16/2022,5.1594,115.18095
2/17/2022,5.1373,113.52848
2/18/2022,5.1721,112.87985
2/21/2022,5.139,111.7253
2/22/2022,5.1043,112.8918
2/23/2022,5.0586,112.00761
2/24/2022,5.01015,111.59187
2/25/2022,5.1237,113.14194
3/2/2022,5.1609,115.17361
3/3/2022,5.100102,115.16555
3/4/2022,5.0324,114.47378
3/7/2022,5.064146,111.59346
3/8/2022,5.112,111.20345
3/9/2022,5.0604,113.90034
3/10/2022,5.0132,113.66313
3/11/2022,5.0112,111.71307
3/14/2022,5.075,109.92762
3/15/2022,5.1229,108.9593
3/16/2022,5.1647,111.11243
3/17/2022,5.0773,113.07633
3/18/2022,5.0407,115.31091
3/21/2022,5.01955,116.15453
3/22/2022,4.9365,117.27244
3/23/2022,4.9115,117.45734
3/24/2022,4.8257,119.05291
3/25/2022,4.8278,119.08113
3/28/2022,4.7432,118.73778
3/29/2022,4.7656,120.01417
3/30/2022,4.7577,120.25976
3/31/2022,4.7712,119.99923
4/1/2022,4.7393,121.57015
4/4/2022,4.6587,121.27951
4/5/2022,4.5953,118.88515
4/6/2022,4.6523,118.22775
4/7/2022,4.7167,118.86212
4/8/2022,4.7536,118.32226
4/11/2022,4.6996,116.95285
4/12/2022,4.6951,116.14686
4/13/2022,4.6746,116.78196
4/14/2022,4.6917,116.18161
4/18/2022,4.7021,115.68725
4/19/2022,4.6535,115.05666
4/20/2022,4.6665,114.34378
4/22/2022,4.6223,111.07751
4/25/2022,4.7967,110.68495
4/26/2022,4.8777,108.21286
4/27/2022,4.9993,109.34937
4/28/2022,4.9651,109.91897
4/29/2022,4.9393,107.87616
5/2/2022,4.9728,106.63864
5/3/2022,5.0862,106.52809
5/4/2022,4.96,108.34374
5/5/2022,4.9203,105.30419
5/6/2022,5.0295,105.13473
5/9/2022,5.0819,103.25002
5/10/2022,5.1624,103.10994
5/11/2022,5.1328,104.3969
5/12/2022,5.1381,105.68764
5/13/2022,5.1349,106.92418
5/16/2022,5.0598,108.23274
5/17/2022,5.0612,108.78933
5/18/2022,4.9396,106.24715
5/19/2022,4.969,107.00522
5/20/2022,4.9315,108.48788
5/23/2022,4.8817,110.34582
5/24/2022,4.815,110.58079
5/25/2022,4.8194,110.57981
5/26/2022,4.8243,111.88988
5/27/2022,4.7698,111.94168
5/30/2022,4.7311,111.03211
5/31/2022,4.7536,111.35051
6/1/2022,4.7319,111.35994
6/2/2022,4.816904,112.39291
6/3/2022,4.7972,111.10232
6/6/2022,4.7765,110.18591
6/7/2022,4.7957,110.06976
6/8/2022,4.871265,108.36767
6/9/2022,4.8996,107.09371
6/10/2022,4.9048,105.48123
6/13/2022,4.9855,102.59818
6/14/2022,5.1149,102.06325
6/15/2022,5.1176,102.80682
6/17/2022,5.0537,99.82494
6/20/2022,5.1536,99.85267
6/21/2022,5.1887,99.6845
6/22/2022,5.124306,99.52232
6/23/2022,5.1951,98.08034
6/24/2022,5.2395,98.67226
6/27/2022,5.2429,100.7636
6/28/2022,5.2383,100.59141
6/29/2022,5.2681,99.62158
6/30/2022,5.1824,98.54195
7/1/2022,5.2535,98.9539
7/4/2022,5.3325,98.60876
7/5/2022,5.3298,98.29464
7/6/2022,5.3875,98.71898
7/7/2022,5.4295,100.72972
7/8/2022,5.3397,100.28894
7/11/2022,5.2555,98.21246
7/12/2022,5.3787,98.27121
7/13/2022,5.4376,97.88116
7/14/2022,5.3924,96.12085
7/15/2022,5.4239,96.551
7/18/2022,5.4116,96.91613
7/19/2022,5.4383,98.2448
7/20/2022,5.4146,98.28683
7/21/2022,5.4718,99.03317
7/22/2022,5.4979,98.92482
7/25/2022,5.4982,100.26985
7/26/2022,5.3578,99.77169
7/27/2022,5.3516,101.43796
7/28/2022,5.2445,102.59666
7/29/2022,5.1842,103.16469
8/1/2022,5.1727,102.22508
8/2/2022,5.1855,103.3617
8/3/2022,5.2792,103.77468
8/4/2022,5.2842,105.89222
8/5/2022,5.2126,106.47192
8/8/2022,5.1661,108.40227
8/9/2022,5.1116,108.65105
8/10/2022,5.1252,110.23576
8/11/2022,5.0952,109.71794
8/12/2022,5.1594,112.76426
8/15/2022,5.0764,113.03198
8/16/2022,5.0971,113.51238
8/17/2022,5.145672,113.70776
8/18/2022,5.1665,113.81287
8/19/2022,5.1685,111.49621
8/22/2022,5.1699,110.50053
8/23/2022,5.1576,112.8571
8/24/2022,5.1048,112.89784
8/25/2022,5.1116,113.53172
8/26/2022,5.1103,112.29886
8/29/2022,5.064,112.32312
8/30/2022,5.0287,110.43064
8/31/2022,5.1234,109.52288
9/1/2022,5.1833,110.4053
9/2/2022,5.2419,110.88402